age,policy_state,policy_csl,policy_deductable,policy_annual_premium,umbrella_limit,insured_sex,insured_education_level,insured_occupation,insured_hobbies,insured_relationship,capital-gains,capital-loss,incident_date,incident_type,collision_type,incident_severity,authorities_contacted,incident_state,incident_city,incident_hour_of_the_day,number_of_vehicles_involved,property_damage,bodily_injuries,witnesses,police_report_available,total_claim_amount,injury_claim,property_claim,vehicle_claim,auto_make,auto_year,fraud_reported,years_as_customer
0,2,1,1,1406.91,0,1,4,2,17,0,53300,0,0,2,3,0,3,4,1,3,0,2,1,2,2,71610,6510,13020,52080,10,9,1,0
0,1,1,2,1197.22,5000000,1,4,6,15,2,0,0,0,3,1,1,3,5,5,2,0,0,0,0,0,5070,780,780,3510,8,12,1,0
1,2,0,2,1413.14,5000000,0,6,11,2,3,35100,0,1,0,2,1,3,1,1,2,2,1,2,3,1,34650,7700,3850,23100,4,12,0,1
0,0,1,2,1415.74,6000000,0,6,1,2,4,48900,-62400,0,2,0,0,3,2,0,3,0,0,1,2,1,63400,6340,6340,50720,3,19,1,0
0,0,2,1,1583.91,6000000,1,0,11,2,4,66000,-46000,1,3,1,1,-1,1,0,1,0,1,0,1,1,6500,1300,650,4550,0,14,0,0
0,2,1,1,1351.1,0,0,6,12,3,4,0,0,0,0,2,0,1,4,0,1,2,1,0,2,1,64100,6410,6410,51280,10,8,1,0
1,1,1,1,1333.35,0,1,6,9,2,0,0,-77000,0,0,0,1,3,1,6,3,2,0,0,0,0,78650,21450,7150,50050,9,17,0,1
0,0,0,1,1137.03,0,1,0,12,0,4,0,0,1,0,0,2,3,5,1,1,2,0,2,2,2,51590,9380,9380,32830,1,20,0,1
1,0,0,0,1442.99,0,0,6,7,9,3,0,0,0,2,0,2,3,6,0,1,0,1,1,1,2,27700,2770,2770,22160,12,17,0,1
0,0,0,0,1315.68,0,1,6,8,4,5,0,-39300,0,2,2,2,2,0,2,0,0,1,2,1,0,42300,4700,4700,32900,10,1,0,0
0,2,0,0,1253.12,4000000,0,5,3,7,2,38400,0,0,2,0,2,3,1,3,1,0,2,2,2,0,87010,7910,15820,63280,5,7,0,0
0,2,0,2,1137.16,0,0,2,3,16,2,0,-51000,1,0,0,0,1,4,6,1,2,2,1,2,2,114920,17680,17680,79560,1,11,0,0
1,2,2,0,1215.36,3000000,1,4,10,15,5,0,0,0,2,2,2,0,4,3,2,0,2,1,0,1,56520,4710,9420,42390,10,5,0,1
1,2,0,1,936.61,0,0,4,1,3,5,52800,-32800,0,1,1,1,-1,4,6,3,0,1,1,1,1,7280,1120,1120,5040,12,15,0,1
0,2,1,2,1301.13,0,0,1,6,2,1,41300,-55500,0,2,2,2,3,4,6,0,0,1,0,2,2,46200,4200,8400,33600,4,8,1,1
0,1,0,2,1131.4,0,0,4,13,12,2,55700,0,0,0,3,0,2,6,2,0,3,2,0,0,1,63120,10520,10520,42080,0,4,1,0
1,2,2,1,1199.44,5000000,1,1,6,10,3,63600,0,1,0,2,0,2,1,5,3,2,0,1,2,2,52110,5790,5790,40530,9,17,0,1
1,1,2,0,708.64,6000000,1,2,6,15,4,53500,0,0,2,3,2,3,6,3,2,0,1,0,2,2,77880,14160,7080,56640,11,20,0,1
0,2,2,0,1374.22,0,0,4,2,19,2,45500,-37800,0,2,3,2,2,1,4,1,0,2,1,0,1,72930,6630,13260,53040,0,20,0,1
0,1,2,2,1475.73,0,0,2,5,4,3,57000,-27300,1,0,3,0,3,5,1,2,2,0,2,0,1,60400,6040,6040,48320,9,19,0,0
0,1,1,1,1187.96,4000000,1,3,7,3,3,0,0,0,0,2,1,3,1,1,1,2,1,1,0,0,47160,0,5240,41920,11,16,0,0
0,0,2,2,875.15,0,0,0,6,16,3,46700,0,1,0,3,2,3,4,0,0,2,0,1,2,0,37840,0,4730,33110,0,1,0,0
0,0,0,2,972.18,0,1,2,9,13,2,72700,-68200,0,0,2,0,0,4,2,1,2,1,0,0,2,71520,17880,5960,47680,11,5,1,0
0,1,0,2,1268.79,0,1,4,8,5,3,0,-31000,0,2,0,2,0,6,3,0,0,0,2,2,0,98160,8180,16360,73620,4,16,1,0
0,1,0,1,883.31,0,1,1,2,11,0,0,-53500,1,2,2,1,2,5,5,2,0,1,1,3,1,77880,7080,14160,56640,5,10,0,0
1,2,0,2,1266.92,0,1,5,11,14,3,0,0,0,0,2,0,2,2,0,0,2,1,1,3,2,71500,16500,11000,44000,5,11,1,1
0,1,0,2,1322.1,0,1,2,9,9,3,0,-29200,0,1,1,1,3,3,0,3,0,2,1,3,2,9020,1640,820,6560,12,10,0,0
1,1,0,0,848.07,3000000,1,3,3,5,1,31000,-30200,0,3,1,1,-1,5,4,3,0,2,2,1,0,5720,1040,520,4160,11,8,1,0
0,2,0,2,1291.7,0,0,3,11,11,1,0,-55600,0,2,3,1,2,4,3,1,0,1,1,0,2,69840,7760,15520,46560,4,14,0,0
0,0,2,2,1104.5,0,0,6,6,1,4,0,0,1,2,2,1,3,4,4,3,0,1,2,2,1,91650,14100,14100,63450,0,16,0,0
1,0,1,1,954.16,0,1,5,9,18,0,53200,0,0,0,3,0,0,4,1,1,3,1,0,0,0,75600,12600,12600,50400,12,10,0,1
0,0,0,2,1337.28,8000000,1,3,2,15,0,27500,0,1,0,3,0,3,6,5,2,2,1,2,2,0,67140,7460,7460,52220,5,11,1,1
1,0,2,1,1088.34,0,0,0,0,19,2,81100,0,1,0,0,2,3,1,0,0,2,2,2,3,1,29790,3310,3310,23170,2,13,0,1
1,0,0,1,1558.29,0,1,2,4,18,5,51400,-64000,0,0,0,0,0,1,2,3,2,1,1,2,0,77110,14020,14020,49070,11,20,0,1
0,0,2,0,1415.68,0,1,6,9,19,3,0,0,1,2,3,2,1,6,2,0,0,2,0,1,2,64800,10800,5400,48600,1,4,0,1
1,2,0,1,1334.15,6000000,1,2,2,15,1,53300,-49200,0,2,0,0,2,6,6,0,0,2,2,0,2,53100,10620,5310,37170,8,0,1,1
1,0,0,1,988.45,0,0,5,10,4,4,0,0,0,2,2,2,3,1,4,3,0,0,1,1,2,60200,6020,6020,48160,11,9,1,1
0,0,2,2,1222.48,0,0,3,8,9,4,0,0,0,1,1,1,-1,6,0,0,0,1,1,1,2,5330,1230,820,3280,11,6,0,0
0,1,2,2,1155.55,0,0,4,2,3,4,65700,0,0,0,2,0,3,1,2,3,2,0,2,0,0,62300,12460,6230,43610,7,12,0,0
0,1,1,0,1262.08,0,1,3,12,18,5,48500,0,0,2,0,0,0,0,1,3,0,0,0,3,1,60170,10940,10940,38290,9,16,1,0
1,0,0,0,1451.62,0,1,0,12,11,1,0,-55700,0,2,2,1,0,6,1,1,0,1,2,2,0,40000,8000,4000,28000,2,15,0,1
1,1,1,0,1737.66,0,1,0,13,5,4,0,-24100,0,2,3,0,3,6,4,3,0,0,1,1,0,97080,16180,16180,64720,2,6,1,1
1,0,2,0,1475.93,0,0,1,9,10,0,0,-67400,0,0,3,1,2,4,6,0,2,2,1,0,1,51660,5740,5740,40180,4,15,0,1
1,2,1,0,538.17,0,0,6,13,15,3,49700,-60200,1,2,2,2,2,0,0,1,0,1,2,2,1,51120,5680,5680,39760,8,10,0,1
0,0,0,2,1081.08,0,1,3,8,15,4,36400,-28700,1,2,0,1,2,4,6,0,0,2,0,2,0,56400,11280,11280,33840,12,19,0,0
0,0,1,1,1454.43,0,0,4,10,19,0,0,0,1,0,2,2,2,1,0,0,2,1,2,3,0,55120,6890,0,48230,0,7,0,0
1,1,0,0,1240.47,0,0,0,7,14,0,35300,0,1,0,2,2,1,0,3,2,2,2,1,1,0,77110,0,14020,63090,6,19,0,1
0,2,2,2,1273.7,4000000,1,1,7,11,0,0,0,0,0,0,0,1,6,0,1,2,1,2,1,1,62800,6280,6280,50240,1,8,1,0
1,1,2,1,1123.87,8000000,0,6,10,7,2,0,0,1,3,1,3,3,1,0,3,0,0,2,0,2,7290,810,810,5670,13,0,0,1
1,0,0,1,1245.89,0,0,5,3,12,5,0,-40300,0,2,2,2,2,6,6,1,0,1,0,0,0,76600,15320,7660,53620,8,5,0,0
0,2,1,2,1326.62,7000000,1,4,7,3,3,0,0,0,0,0,1,1,1,5,1,2,0,0,3,2,81800,16360,8180,57260,9,3,0,0
1,0,0,2,1073.83,0,0,3,4,14,0,0,0,0,3,1,3,-1,1,0,3,0,0,1,2,0,7260,1320,660,5280,2,13,0,1
0,1,0,1,1530.52,0,1,1,1,1,1,0,0,1,3,1,1,-1,6,3,2,0,0,2,1,2,4300,430,430,3440,12,5,0,0
0,1,0,0,1201.41,0,0,3,8,12,0,88400,-46500,0,0,3,0,3,0,1,2,2,2,1,0,0,70510,12820,12820,44870,11,4,0,0
0,2,1,1,1393.57,0,1,6,6,12,1,47600,-39600,1,1,1,1,3,5,3,3,0,1,0,1,2,2640,480,480,1680,5,14,0,0
1,2,0,1,1276.57,0,1,6,2,16,1,71500,0,0,2,2,1,1,1,0,3,0,2,1,2,1,78900,15780,7890,55230,3,0,0,1
0,1,1,0,1082.49,0,0,6,9,5,4,36100,-55000,1,0,0,0,1,4,1,0,2,0,2,3,0,56430,0,6270,50160,6,19,0,0
1,1,2,1,1414.74,0,0,5,0,10,3,0,0,1,1,1,1,-1,5,5,1,0,1,1,3,1,2400,300,300,1800,3,19,0,1
0,0,1,2,1470.06,0,1,6,7,19,0,56600,-45800,0,2,0,2,0,6,5,1,0,2,0,1,1,65790,7310,7310,51170,10,12,0,1
0,2,1,2,870.63,0,0,4,0,11,3,94800,-58500,0,0,3,1,3,5,2,0,2,1,1,1,1,62920,11440,5720,45760,5,5,0,1
1,1,0,0,795.23,0,1,6,6,0,2,36900,0,0,0,2,0,3,1,6,0,2,2,2,1,0,69480,15440,0,54040,9,19,1,1
0,0,2,1,1168.2,0,1,3,5,1,0,69100,0,1,0,3,2,2,2,6,1,2,1,0,3,1,44280,7380,3690,33210,6,2,0,0
1,0,2,1,993.51,0,1,2,1,3,4,0,-49500,0,2,3,1,2,6,2,0,0,1,0,3,2,56300,5630,11260,39410,2,16,0,1
0,2,2,0,1848.81,0,1,3,13,18,3,0,-49000,1,0,0,0,1,6,3,1,2,2,2,2,2,68520,11420,5710,51390,11,8,1,0
0,2,1,2,1641.73,5000000,1,6,11,5,1,62400,0,0,0,2,2,1,5,5,0,2,1,0,0,1,59130,6570,6570,45990,5,11,1,0
0,1,0,0,1362.87,0,0,4,3,5,2,35700,0,1,0,0,1,0,1,0,2,2,2,2,2,1,82320,13720,6860,61740,4,0,1,0
1,1,1,0,1239.22,7000000,0,2,12,13,1,43400,-91200,0,2,3,1,1,4,6,0,0,2,0,1,1,89700,13800,13800,62100,1,14,1,1
0,2,1,0,835.02,0,0,0,0,15,4,59600,0,1,0,3,1,1,6,2,0,2,1,1,1,1,33930,0,3770,30160,2,3,0,0
1,2,0,1,1061.33,0,1,4,6,12,3,43300,-66200,0,2,0,0,0,6,4,2,0,1,0,3,1,68530,12460,6230,49840,1,2,0,1
0,1,2,1,1279.08,0,1,4,7,11,3,0,-51500,1,1,1,1,-1,0,5,0,0,1,0,1,0,4300,860,860,2580,5,9,0,0
0,2,0,0,1105.49,0,0,0,9,17,3,56200,-50000,1,0,3,0,2,4,2,0,1,0,2,3,0,68310,12420,6210,49680,1,8,1,0
0,2,0,2,1055.53,0,0,4,1,6,1,37800,-50300,1,2,0,2,2,6,4,2,0,1,0,2,1,61290,6810,6810,47670,6,0,1,0
0,2,1,1,895.83,0,0,0,11,13,0,0,0,1,2,2,1,0,0,0,2,0,1,1,2,1,30100,3010,0,27090,3,4,0,0
0,1,0,0,1632.93,0,0,1,13,9,1,0,-42900,1,0,2,1,1,4,5,2,2,1,2,0,2,57120,9520,4760,42840,8,7,0,0
0,0,0,1,1405.99,0,0,0,11,19,5,0,0,2,0,3,1,0,5,6,1,2,2,1,0,2,42930,9540,4770,28620,2,10,0,0
1,2,0,1,1425.54,0,0,2,13,3,2,78300,0,0,0,0,2,0,4,5,1,2,1,2,0,1,51210,11380,5690,34140,5,15,0,1
0,2,2,1,1038.09,0,0,1,5,9,0,0,-19700,0,0,0,1,1,1,6,1,2,1,1,1,2,89400,14900,7450,67050,11,3,0,0
0,1,1,0,1307.11,0,1,1,13,7,1,0,0,1,0,0,2,3,6,4,1,2,1,0,2,0,59730,10860,10860,38010,1,10,0,0
0,2,2,1,1489.24,6000000,0,3,7,11,5,0,-45000,0,3,1,1,-1,4,6,0,0,2,2,2,2,8060,1240,1240,5580,10,9,0,0
0,2,2,0,976.67,0,0,6,5,14,4,0,0,0,2,2,0,1,4,4,0,0,0,1,2,0,72200,14440,7220,50540,2,18,1,0
1,2,1,2,1340.43,0,1,2,3,13,0,52700,-40600,1,0,3,1,0,0,0,2,2,1,1,2,1,50800,10160,10160,30480,0,10,0,1
0,2,2,2,1267.81,5000000,0,5,3,18,5,0,0,0,3,1,3,-1,0,4,2,0,0,2,1,0,6600,660,1320,4620,0,10,0,0
1,0,1,1,1234.2,6000000,1,5,7,3,2,0,0,0,3,1,1,3,1,4,3,0,2,2,2,1,7500,750,1500,5250,9,7,0,1
1,1,1,2,1318.06,0,1,2,3,18,5,57300,-80600,0,3,1,3,-1,5,2,0,0,1,0,3,2,6490,1180,1180,4130,13,7,0,0
0,1,2,2,769.95,0,1,5,9,12,1,0,-44200,0,0,3,0,0,1,2,0,1,0,2,3,1,60940,5540,11080,44320,1,18,1,0
0,2,0,2,1514.72,0,1,2,13,2,3,35700,0,1,0,0,0,1,1,4,0,2,2,0,1,0,58300,5830,11660,40810,11,12,0,0
1,0,2,1,873.64,4000000,0,0,8,19,0,800,0,0,0,0,1,2,4,1,2,2,1,2,1,0,68400,11400,11400,45600,5,12,0,1
1,0,2,0,1612.43,0,0,4,7,19,3,36400,0,0,2,3,2,1,5,6,3,0,0,2,1,2,64240,11680,11680,40880,2,20,0,1
0,0,2,2,1318.24,9000000,0,1,9,11,1,0,-78600,0,1,1,3,-1,6,0,2,0,1,0,1,2,4700,940,470,3290,4,7,0,1
1,1,0,1,1226.83,0,0,1,3,8,1,0,-56100,0,0,3,0,2,4,1,0,2,2,2,0,0,45120,0,5640,39480,0,16,1,1
1,2,1,2,1326.44,5000000,0,2,11,2,3,0,0,1,0,0,2,1,4,0,0,1,2,1,1,0,66950,10300,10300,46350,10,0,0,1
1,0,1,2,1136.83,4000000,0,0,12,8,3,0,-62400,1,2,3,0,3,1,1,0,0,1,0,3,0,98340,8940,17880,71520,6,9,1,1
0,0,1,2,1322.78,0,1,6,4,19,3,55200,0,1,1,1,3,-1,6,6,2,0,1,0,1,1,5900,590,590,4720,2,12,0,0
0,1,0,1,1483.25,0,0,4,3,8,1,90700,-20800,1,0,0,0,0,0,5,3,2,1,1,1,0,70680,5890,11780,53010,5,14,0,0
0,0,0,0,1515.3,0,0,2,6,10,1,0,0,0,0,2,2,0,4,3,1,2,1,1,0,1,93720,17040,8520,68160,8,10,0,0
1,0,0,2,1075.18,5000000,0,6,1,8,0,67700,-58400,1,3,1,1,-1,2,4,3,0,1,2,0,2,6930,1260,630,5040,12,6,0,1
0,1,2,1,1690.27,0,0,0,10,10,1,61500,0,0,2,3,0,1,5,6,2,0,2,0,3,1,72930,6630,6630,59670,4,11,1,0
1,0,1,2,1352.83,0,1,5,4,16,3,0,-71700,0,0,2,1,2,4,2,3,3,2,1,2,2,64890,7210,7210,50470,9,18,1,1
0,2,1,1,1148.73,0,0,1,6,11,5,0,0,1,1,1,3,-1,6,1,2,0,0,1,2,2,5400,900,900,3600,10,4,0,0
0,0,0,1,969.5,0,1,1,3,15,1,0,0,0,3,1,3,-1,0,4,2,0,1,0,0,0,5600,700,700,4200,1,12,0,0
0,1,0,0,1463.82,0,0,1,10,19,1,0,-72300,0,2,2,1,3,4,3,1,0,2,0,0,0,79300,15860,15860,47580,10,12,0,0
1,0,0,1,1474.17,0,0,1,12,8,4,0,0,1,2,3,0,3,6,3,0,0,2,1,0,2,52800,10560,5280,36960,10,9,0,1
0,0,1,0,1497.35,0,0,3,9,3,0,37300,-31700,0,0,0,1,1,0,4,0,2,0,2,3,1,28800,0,3600,25200,5,18,0,0
1,2,0,1,1427.14,0,0,0,12,11,2,35300,-58100,1,1,1,1,3,6,3,3,0,1,1,1,1,2970,330,330,2310,12,13,0,1
0,2,2,0,1495.1,0,1,1,7,1,5,50500,0,1,0,3,2,3,4,3,0,2,1,0,0,0,93480,15580,7790,70110,3,19,0,0
0,0,0,0,1141.62,0,1,1,9,11,0,34300,-24300,0,3,1,1,-1,6,1,3,0,2,1,3,2,4320,480,480,3360,8,7,0,0
0,2,2,1,1125.37,0,0,0,9,1,0,0,-56400,0,0,2,0,3,5,3,2,2,0,0,2,2,79800,6650,19950,53200,10,5,1,0
1,1,2,2,1207.36,0,0,2,5,4,3,0,-57000,2,0,0,0,0,6,1,1,1,1,1,0,0,74200,7420,14840,51940,13,2,0,1
0,0,2,2,1338.5,0,0,6,6,1,2,28800,0,1,2,0,0,1,1,4,3,0,0,0,0,0,70590,10860,10860,48870,10,5,1,0
1,1,2,1,1074.07,0,0,5,11,5,0,0,-47500,0,0,2,0,1,1,6,0,2,1,0,3,2,60940,5540,11080,44320,9,11,1,1
0,2,1,0,1337.56,0,0,1,9,18,4,0,0,0,2,2,1,3,4,5,1,0,0,1,2,2,74700,7470,14940,52290,4,15,0,0
0,1,0,0,1298.91,6000000,1,6,2,7,4,52600,-38800,0,2,0,0,1,0,6,3,0,2,0,0,0,70000,14000,7000,49000,5,20,1,0
0,0,2,0,1222.75,0,1,2,3,14,2,0,-41000,0,0,2,2,2,6,1,0,2,0,2,0,1,81070,14740,14740,51590,2,6,0,0
1,1,0,1,1059.52,0,1,4,10,4,3,0,-40600,2,0,3,0,2,5,2,0,1,0,1,1,0,57720,14430,9620,33670,10,12,0,1
0,2,1,2,1124.38,0,1,0,1,15,2,0,0,1,3,1,1,-1,5,4,2,0,2,1,1,2,7080,1180,1180,4720,5,6,0,0
0,1,0,1,1110.37,10000000,1,4,6,10,2,34400,-56800,0,0,3,2,2,1,5,0,2,1,0,1,0,47700,4770,9540,33390,0,2,1,0
1,0,2,2,1374.22,0,0,6,6,3,2,62000,-63100,1,2,2,1,3,4,2,0,0,1,0,3,1,51260,9320,9320,32620,11,7,0,1
0,2,2,2,1103.58,0,1,2,3,8,4,41200,-36200,0,0,3,0,3,1,3,1,2,0,2,2,1,70400,6400,12800,51200,12,16,1,0
0,0,1,2,1269.76,0,0,6,13,19,1,44300,0,0,2,2,1,1,1,2,3,0,1,1,3,2,90000,18000,9000,63000,5,20,0,1
0,2,1,0,964.79,8000000,0,0,0,4,0,58000,0,1,0,2,1,3,1,0,2,2,0,0,1,0,72820,13240,6620,52960,2,15,0,0
0,0,2,2,1167.3,4000000,1,2,8,2,2,0,0,1,2,3,1,1,4,2,1,0,1,2,0,0,69300,13860,13860,41580,13,5,0,0
0,0,2,0,1625.45,4000000,0,4,7,18,2,0,-53700,0,2,0,0,0,1,4,2,0,1,2,1,1,76560,12760,12760,51040,5,13,1,0
0,0,1,0,1394.43,0,0,5,7,16,1,0,0,0,2,0,0,0,5,1,2,0,0,0,1,2,55440,0,6160,49280,9,4,1,0
1,2,1,2,1053.24,0,0,1,9,12,2,51100,0,0,0,0,2,2,0,0,3,3,2,1,0,1,77130,8570,17140,51420,0,0,0,1
1,0,0,0,1040.75,0,0,3,9,13,1,0,0,1,2,2,2,0,6,3,3,0,2,1,1,0,42000,7000,7000,28000,2,16,0,0
0,1,1,1,1302.4,6000000,1,3,2,7,4,47200,-69700,1,0,2,2,0,1,2,0,2,1,2,3,2,36300,3300,9900,23100,5,18,0,0
0,0,0,2,1588.55,0,1,4,10,18,4,59600,-32100,0,2,3,2,2,6,1,2,0,1,0,0,0,40320,5760,5760,28800,11,6,0,1
1,1,2,0,1399.26,0,0,2,12,8,3,70500,0,1,1,1,1,3,3,4,2,0,0,2,0,0,3960,330,660,2970,2,3,0,1
0,2,0,2,1352.31,0,1,1,4,1,5,40700,-47300,1,2,0,0,1,1,3,1,0,2,0,3,2,63840,10640,10640,42560,2,11,1,0
1,0,1,1,1139.0,6000000,0,5,11,17,0,42400,0,0,0,0,0,1,4,3,3,2,0,1,2,0,44730,4970,4970,34790,10,5,1,1
0,1,1,1,1397.67,0,1,3,6,4,5,57900,0,0,0,0,1,2,1,0,3,2,2,1,2,1,84720,14120,14120,56480,5,4,0,0
0,1,1,0,823.17,0,1,5,0,13,3,0,0,1,0,0,0,2,6,1,3,2,0,2,2,1,61500,6150,12300,43050,4,17,0,0
1,2,0,0,965.13,0,0,5,12,8,4,60000,-54800,1,0,0,0,0,0,0,1,2,0,0,1,0,51000,8500,8500,34000,9,18,0,1
1,0,2,1,1922.84,0,0,2,6,16,5,0,-45200,0,2,3,2,3,6,3,3,0,0,2,1,1,46800,4680,9360,32760,7,7,0,1
1,2,1,2,1624.82,0,1,6,3,1,4,65300,-65600,1,2,3,1,0,6,3,0,0,0,1,1,0,78120,17360,8680,52080,2,11,0,1
1,1,1,2,1277.25,0,0,1,3,19,2,84900,0,0,2,2,0,3,1,6,0,0,1,1,2,0,69200,13840,6920,48440,13,1,1,1
0,0,0,1,1439.34,0,0,2,11,8,2,45300,-20400,0,3,1,1,3,5,5,2,0,0,0,0,1,3690,410,410,2870,5,20,0,0
1,0,1,1,1281.27,0,0,6,12,9,1,68900,0,0,0,2,1,1,4,6,2,2,1,0,3,0,65500,6550,6550,52400,2,15,0,1
0,0,2,0,1348.83,0,0,2,9,1,5,46300,-77500,1,0,2,1,1,0,6,1,2,0,1,2,2,76120,13840,6920,55360,12,4,0,0
1,0,1,1,1198.15,0,0,4,7,10,1,0,-43200,1,0,0,2,2,5,6,1,2,1,0,2,2,73560,12260,12260,49040,2,0,0,1
1,2,0,2,1221.22,0,1,5,6,4,2,76000,0,0,2,2,2,3,1,3,3,0,2,0,1,0,52030,9460,4730,37840,8,13,0,0
0,0,2,2,968.74,0,1,5,13,18,5,0,-49000,0,3,1,3,-1,4,4,2,0,0,2,3,0,5170,470,940,3760,11,6,0,0
1,1,1,1,1220.71,0,1,6,6,18,3,58600,-28700,1,1,1,1,-1,4,3,3,0,0,2,1,2,8190,1890,1260,5040,3,18,0,1
1,1,1,2,1238.62,6000000,1,4,3,19,2,0,-56200,1,2,2,0,0,4,6,0,0,0,2,3,0,70800,7080,14160,49560,0,17,1,1
1,0,2,2,1320.75,0,0,3,4,18,5,54100,0,1,0,2,2,3,6,6,1,2,0,0,3,2,45630,5070,5070,35490,0,16,0,1
0,2,0,0,990.98,0,0,0,3,6,5,0,-57900,1,2,0,0,3,0,4,1,0,2,2,1,0,99320,7640,15280,76400,0,7,1,0
0,0,2,0,1398.51,4000000,1,5,12,14,1,0,-57100,1,0,3,0,1,0,3,0,2,0,2,0,1,64000,12800,6400,44800,2,1,1,0
0,2,0,0,1355.08,0,0,4,7,9,2,58100,0,0,2,0,1,1,6,4,1,0,0,1,1,0,47300,4730,4730,37840,9,19,0,0
1,0,0,1,1384.51,0,1,6,0,15,1,13100,-38200,1,2,2,0,2,4,6,0,0,1,2,3,0,71680,8960,8960,53760,13,12,1,1
0,2,1,0,847.03,0,0,3,2,16,1,0,0,1,2,3,0,2,4,6,3,0,0,1,0,2,112320,17280,17280,77760,11,16,1,0
1,2,0,1,1000.06,0,0,6,4,0,5,0,0,0,2,3,2,2,1,1,0,0,0,1,0,0,82720,7520,15040,60160,1,19,0,1
0,0,0,1,1046.71,0,1,5,8,14,0,0,0,1,0,2,0,1,0,2,3,2,0,2,1,0,48060,10680,5340,32040,8,14,0,0
1,1,1,0,1158.03,0,1,2,3,11,3,31900,-44600,0,0,2,2,3,1,5,1,2,2,1,3,2,63570,9780,9780,44010,13,11,1,1
0,2,0,1,1372.27,0,0,5,2,13,3,17600,0,0,0,2,2,1,6,1,0,2,1,2,3,0,63240,10540,10540,42160,11,2,0,0
1,2,0,1,1053.04,7000000,0,5,7,15,3,52000,-44500,1,0,2,1,0,0,4,1,2,1,1,3,0,54240,9040,9040,36160,10,18,1,1
0,2,0,1,1275.39,0,1,0,11,3,2,0,0,1,2,0,0,3,1,5,0,0,2,2,3,1,37280,0,0,37280,1,1,1,0
0,2,0,2,1402.75,0,1,3,3,8,0,0,0,1,0,2,1,3,1,1,2,2,0,2,1,2,72100,7210,14420,50470,7,11,0,0
0,1,1,0,1344.36,7000000,0,3,9,10,2,0,0,1,1,1,1,-1,6,3,2,0,0,2,3,1,6500,1300,650,4550,10,18,0,0
0,1,0,1,1197.71,0,1,5,6,12,1,29000,0,1,0,0,2,0,6,6,0,2,0,2,0,0,78240,13040,13040,52160,11,18,0,1
1,2,0,0,1203.24,0,0,3,13,18,2,62500,-66900,1,3,1,1,3,1,1,2,0,0,2,0,0,6200,1240,620,4340,6,4,0,1
0,1,2,1,1152.4,0,0,0,8,15,4,39600,-82400,0,1,1,1,3,5,6,3,0,2,2,3,0,6160,560,1680,3920,8,19,0,0
0,1,2,2,1142.62,7000000,0,4,4,7,1,0,-54000,0,2,0,2,0,4,4,0,0,0,2,0,0,76050,11700,11700,52650,3,2,0,0
0,2,2,1,1332.07,0,0,4,3,14,4,49700,-59100,0,0,3,2,0,1,2,1,1,1,2,1,2,86060,13240,13240,59580,13,7,0,0
1,2,2,1,1166.54,0,0,5,9,17,1,47700,-59300,0,2,0,0,1,4,0,3,0,2,2,0,1,107900,10790,21580,75530,4,2,1,1
1,0,1,0,1495.06,0,0,5,9,14,4,38100,-31400,0,0,2,2,1,3,1,1,2,1,2,0,2,99990,18180,18180,63630,8,16,0,1
1,1,2,1,1337.92,0,0,6,1,3,1,71400,0,1,0,3,1,0,6,1,3,2,1,2,2,2,61380,11160,5580,44640,11,17,0,1
1,2,1,2,1587.96,0,0,0,2,2,4,0,-26900,1,2,2,0,1,6,5,1,0,0,2,1,2,71280,12960,12960,45360,1,17,1,1
0,0,2,1,1362.29,0,1,2,4,19,4,0,-51100,1,0,0,1,0,1,3,1,2,1,0,0,1,64000,12800,6400,44800,10,4,0,0
0,0,1,0,1448.84,0,0,5,6,3,0,0,-50000,1,1,1,3,3,4,2,2,0,0,0,1,1,5940,660,660,4620,12,20,0,0
0,1,1,2,1241.97,0,1,2,7,12,1,75400,0,0,1,1,1,-1,1,2,1,0,1,1,0,1,6700,670,670,5360,7,16,0,1
0,0,1,0,1124.6,0,1,0,1,10,1,0,0,0,0,2,1,3,1,0,1,2,2,0,0,0,51740,11940,7960,31840,7,11,0,0
1,2,1,2,1079.92,0,1,2,6,10,0,88800,0,1,2,2,2,0,3,5,3,0,0,0,1,2,53600,6700,6700,40200,13,12,1,1
1,0,1,1,1447.78,0,1,1,10,2,5,35100,-59900,0,0,2,2,2,4,0,0,2,2,1,0,0,44910,4990,4990,34930,4,6,0,1
1,1,1,0,1229.16,4000000,0,4,13,11,5,0,-88300,1,0,0,0,1,3,2,3,2,0,0,2,2,48100,11100,7400,29600,13,19,0,1
0,0,0,1,1226.49,0,0,6,4,11,4,53900,0,1,3,1,3,-1,6,5,3,0,1,0,1,1,6100,610,1220,4270,5,7,0,0
0,1,0,2,897.89,6000000,1,4,12,2,5,0,-41300,0,2,2,1,2,3,2,0,0,0,1,0,2,79600,15920,15920,47760,7,16,0,0
1,1,0,0,1706.79,0,1,5,10,7,2,0,0,0,2,0,1,0,2,2,3,0,1,1,1,2,77040,8560,8560,59920,6,3,0,1
0,0,1,1,1254.18,0,0,6,9,11,2,0,-45100,0,2,2,1,1,4,1,0,0,2,0,1,0,62590,11380,11380,39830,13,8,0,0
0,1,2,0,885.08,0,0,5,1,16,2,27000,-58900,1,2,0,2,2,6,3,3,0,2,0,1,1,85150,13100,13100,58950,3,3,0,0
0,0,0,0,1046.58,4000000,1,4,12,8,5,0,-31700,0,3,1,3,-1,1,2,3,0,0,2,1,1,4950,450,900,3600,3,15,0,0
0,2,2,2,1712.68,0,1,0,5,1,1,72200,0,1,0,3,0,1,5,5,0,2,0,2,0,2,51100,10220,5110,35770,1,11,0,1
0,0,2,2,1097.71,0,0,5,0,15,1,29600,-22300,0,2,3,1,3,4,6,0,0,2,2,3,0,100800,16800,16800,67200,4,2,0,0
1,1,1,0,1363.77,4000000,0,5,12,8,0,51100,0,0,2,3,2,3,5,6,0,0,2,2,3,1,90970,16540,16540,57890,0,14,0,1
1,2,0,0,1382.88,7000000,1,3,12,6,2,0,-30300,0,2,2,1,3,4,3,2,0,0,1,1,2,81840,14880,7440,59520,3,16,1,1
0,2,0,1,1141.35,7000000,1,5,2,17,1,0,0,0,2,0,0,0,1,3,1,0,0,0,2,1,54900,5490,5490,43920,8,18,0,0
1,2,2,0,1054.83,7000000,1,3,12,6,0,0,-51300,1,2,0,2,1,1,3,0,0,2,2,3,1,88660,8060,16120,64480,8,12,1,1
1,0,0,2,1057.77,0,0,3,12,3,4,0,-57700,1,0,0,2,0,0,5,1,2,0,1,1,1,18000,2250,2250,13500,1,14,0,1
0,1,1,2,1488.02,0,0,3,10,8,2,0,-39200,1,3,1,1,3,1,4,2,0,2,1,3,2,5500,1100,550,3850,3,15,0,0
1,1,0,0,920.3,5000000,0,2,12,10,3,51000,-67900,1,0,2,0,2,6,2,2,2,0,1,0,0,73920,13440,6720,53760,6,8,1,1
1,2,2,1,986.53,0,0,2,0,14,2,62700,0,1,2,2,2,0,5,1,2,0,1,0,2,2,101860,18520,18520,64820,6,12,0,1
0,2,1,2,1440.68,0,1,0,12,12,3,25000,0,1,1,1,1,-1,4,5,2,0,2,0,1,2,5390,980,980,3430,13,13,0,0
0,1,1,1,1086.21,0,1,3,4,10,4,68500,-57500,1,2,3,1,3,4,6,1,0,0,1,2,0,50490,5610,5610,39270,9,6,0,0
0,2,0,2,1367.68,0,0,4,5,1,4,0,0,0,2,0,2,3,4,0,0,0,1,0,3,1,55500,5550,11100,38850,8,17,0,0
1,2,2,1,1215.85,0,1,2,7,10,0,42900,-90200,0,3,1,1,3,5,2,2,0,2,1,1,2,7040,1280,640,5120,9,20,0,1
1,0,1,2,1191.19,4000000,1,4,4,1,1,29300,0,1,0,2,2,2,5,4,2,2,0,0,1,2,40160,5020,0,35140,3,8,0,1
0,0,2,1,1594.45,0,1,2,5,3,0,0,0,1,0,3,2,1,0,1,0,1,2,2,3,1,55680,6960,6960,41760,10,11,0,0
0,1,1,2,1463.07,0,1,4,1,16,3,0,0,0,3,1,3,3,6,6,3,0,0,1,1,1,5300,530,530,4240,7,6,1,0
0,2,1,0,1734.09,0,0,4,0,4,1,0,0,0,1,1,3,-1,6,0,2,0,2,0,3,0,5200,650,650,3900,0,11,0,0
0,0,1,0,1411.43,0,1,5,1,3,3,45100,-32800,0,2,0,0,0,1,5,0,0,2,2,1,1,59400,5940,11880,41580,6,19,0,0
0,2,0,2,1512.58,0,0,1,11,13,2,47600,0,0,3,1,1,3,4,0,2,0,0,1,1,0,2520,280,280,1960,2,2,0,0
1,0,1,2,1153.35,0,1,6,2,9,1,0,0,1,3,1,3,3,1,2,2,0,1,2,1,2,5760,960,960,3840,11,16,0,1
0,2,1,0,1722.95,0,1,6,13,0,1,63100,-13800,1,2,2,1,1,6,2,3,0,0,2,0,2,76700,7670,7670,61360,11,11,0,0
0,1,1,2,1281.07,7000000,0,2,10,2,4,0,0,0,1,1,3,3,1,6,2,0,1,0,2,1,5920,740,740,4440,3,20,0,0
0,0,0,0,1011.92,0,1,6,6,13,5,0,0,1,0,2,0,1,4,5,2,2,2,0,3,0,64350,7150,7150,50050,3,14,0,0
0,0,1,2,1042.26,0,1,3,11,11,0,0,0,0,0,2,2,0,6,3,1,2,1,1,2,0,19080,4240,2120,12720,10,0,0,0
0,2,2,0,1235.1,0,0,5,12,8,1,66400,-34400,1,2,2,1,3,4,6,0,0,1,2,1,1,54400,5440,5440,43520,2,16,0,0
1,2,0,2,768.91,0,0,1,11,5,2,0,-39300,1,2,2,2,1,4,1,3,0,0,1,0,1,59800,5980,5980,47840,5,4,1,1
1,2,2,0,1301.72,0,1,5,5,9,0,0,0,1,0,3,0,3,5,6,0,2,0,0,3,2,72000,7200,7200,57600,1,10,0,1
0,1,1,0,1451.54,3000000,1,3,0,10,0,0,0,0,0,3,2,3,4,5,0,3,1,2,3,1,65070,7230,14460,43380,8,8,0,0
0,1,1,0,767.14,0,1,0,11,15,1,25500,-36700,0,1,1,3,3,6,1,2,0,1,0,1,1,8800,1760,880,6160,11,7,0,0
1,2,1,2,1620.89,0,0,2,5,12,2,0,0,1,3,1,1,3,0,2,2,0,1,2,0,1,6120,1020,1020,4080,12,20,0,1
0,1,2,2,1048.46,0,1,2,8,16,1,59900,0,0,3,1,3,-1,2,1,2,0,0,1,2,0,7080,1180,590,5310,4,4,0,0
0,2,0,1,1538.26,6000000,1,2,11,19,2,62200,-31400,0,0,3,1,0,1,5,0,2,2,2,3,2,34320,8580,4290,21450,13,14,0,0
0,2,2,2,1217.69,0,0,4,9,15,5,24000,0,0,0,3,0,2,4,6,2,2,0,1,0,0,53460,9720,9720,34020,4,9,1,1
1,1,0,2,1362.64,5000000,0,3,3,6,5,0,0,0,2,3,2,2,0,1,2,0,2,1,3,0,81360,6780,13560,61020,11,14,1,1
0,2,0,1,1279.13,0,1,6,2,3,2,0,0,1,0,3,1,0,0,6,3,2,0,1,2,2,81070,7370,14740,58960,1,11,1,0
1,0,0,2,924.72,0,0,2,6,0,4,0,0,0,2,0,1,1,1,1,0,0,1,2,2,1,63120,5260,10520,47340,1,13,0,1
1,2,1,1,1019.44,0,1,5,13,19,1,0,-39700,1,3,1,3,-1,0,6,0,0,0,2,1,1,7200,1440,720,5040,2,9,0,1
0,0,2,0,1314.6,0,0,4,9,8,1,24800,0,1,2,2,2,2,6,2,3,0,0,2,3,0,70290,12780,6390,51120,10,3,1,0
0,2,0,1,1515.18,6000000,1,1,8,4,2,0,0,0,0,3,1,1,4,4,1,2,1,1,0,1,60190,9260,9260,41670,2,4,0,0
0,2,1,2,1649.18,0,1,1,4,0,2,0,-58600,1,2,0,0,2,1,2,1,0,2,1,2,2,61380,11160,5580,44640,6,14,1,0
0,2,1,0,1451.01,0,0,1,7,8,3,47800,0,1,2,0,1,0,1,6,0,0,1,2,2,1,28100,2810,5620,19670,7,17,0,0
0,0,2,1,978.46,0,0,2,11,19,0,0,0,1,2,3,2,1,1,2,1,0,2,0,0,1,49060,8920,8920,31220,3,0,0,0
0,0,1,0,1198.34,4000000,1,0,11,2,5,53000,-72500,0,0,3,2,1,1,1,0,2,0,1,1,1,57060,6340,6340,44380,8,0,0,0
0,1,0,2,1003.23,0,0,0,12,11,1,0,0,0,0,3,0,1,5,0,1,2,0,0,3,2,77880,12980,12980,51920,0,13,0,0
0,1,2,2,1212.0,0,1,5,3,1,4,24400,-60500,0,2,0,2,0,1,6,3,0,2,0,1,2,73500,7350,14700,51450,7,4,0,0
0,0,1,1,1242.96,7000000,0,2,7,13,3,0,-37100,1,0,2,1,2,1,5,3,1,2,2,0,0,88920,6840,13680,68400,0,15,0,0
0,0,2,1,1053.02,0,0,0,9,3,1,0,0,1,2,0,0,2,1,0,3,0,0,0,2,1,47630,12990,4330,30310,12,10,1,0
0,0,0,0,1693.63,0,0,4,2,11,4,0,-64000,1,0,0,2,1,6,2,2,2,2,1,3,1,59040,6560,6560,45920,10,20,0,0
0,0,1,1,2047.59,0,0,4,4,7,2,0,-67800,0,2,2,1,2,4,1,3,0,0,0,3,1,79530,14460,7230,57840,0,5,0,1
1,2,0,1,1083.72,0,0,2,6,0,5,65600,-68200,1,2,3,2,2,1,1,1,0,1,0,2,2,53680,4880,4880,43920,6,10,0,1
0,2,2,1,1138.42,6000000,1,3,9,7,3,36900,-55000,1,2,3,1,3,4,0,1,0,1,2,3,2,33550,3050,6100,24400,13,10,0,0
0,1,1,0,1072.62,0,0,5,6,8,0,39900,-60200,1,0,3,2,2,6,6,2,3,0,2,1,2,69100,6910,6910,55280,12,11,0,0
1,0,0,2,1219.04,0,1,4,5,13,3,63600,-68700,0,0,2,0,3,2,2,1,2,0,2,0,1,79750,14500,14500,50750,9,4,0,1
1,1,0,2,1371.78,0,1,3,4,14,2,0,-32500,1,0,0,0,2,3,5,2,2,0,0,2,2,53600,5360,10720,37520,1,20,1,1
0,1,0,2,1506.21,0,1,5,13,11,4,0,-24400,0,0,3,1,1,1,5,0,2,1,1,0,0,76560,12760,6380,57420,9,14,0,0
1,1,0,1,1058.21,3000000,1,3,2,9,4,0,0,0,2,0,2,1,1,0,0,0,2,1,1,1,41130,4570,4570,31990,4,4,0,1
1,0,2,2,932.14,0,1,4,11,6,3,40600,0,0,0,2,2,1,4,1,3,2,1,2,3,1,78650,14300,7150,57200,1,1,1,1
0,2,2,2,1608.34,0,0,0,4,15,3,33300,-10600,1,2,3,0,2,1,6,1,0,0,1,1,0,71060,6460,12920,51680,10,15,0,0
0,1,2,1,1728.56,0,0,5,4,7,3,54000,0,1,2,0,1,1,6,4,3,0,2,1,1,0,38830,3530,3530,31770,11,4,0,1
0,0,1,1,1518.46,0,0,4,1,6,3,0,0,0,2,0,0,1,4,5,0,0,0,0,0,2,53500,5350,5350,42800,10,20,0,0
0,0,0,2,1540.19,0,0,1,0,16,2,0,-74500,1,2,0,0,2,5,1,1,0,2,2,0,1,73700,7370,7370,58960,3,6,1,1
0,2,2,2,965.21,0,0,3,3,4,2,36900,-53700,1,1,1,3,-1,4,2,2,0,0,2,1,2,6300,630,630,5040,9,6,0,0
0,0,0,2,1278.75,0,0,1,12,13,3,53200,-53800,1,0,2,2,0,1,5,1,2,0,2,2,1,65400,10900,10900,43600,4,17,0,1
1,2,1,1,773.99,0,1,0,1,2,2,0,-70300,0,3,1,3,-1,3,6,3,0,2,1,2,1,3200,640,320,2240,8,19,0,1
0,1,2,1,1532.47,0,0,0,12,9,2,60300,-24700,0,2,2,0,1,1,0,2,0,2,0,3,2,75400,7540,15080,52780,4,17,1,0
1,0,1,1,1340.56,0,0,3,6,9,1,0,0,0,2,3,1,1,1,3,1,0,2,0,2,2,58140,6460,6460,45220,10,13,0,1
0,2,0,0,1297.75,4000000,0,3,7,5,3,0,-41400,1,0,2,2,0,4,1,0,2,0,0,1,0,98670,15180,15180,68310,3,15,1,0
1,0,1,1,433.33,0,1,5,6,9,2,25900,0,0,1,1,1,-1,4,2,2,0,0,0,3,1,5900,1180,590,4130,8,14,0,1
1,1,1,2,1025.54,0,0,2,1,13,2,0,-52600,1,2,2,0,1,0,0,1,0,0,1,3,2,64100,6410,6410,51280,3,6,0,1
1,2,1,0,1264.77,0,0,0,13,19,4,47500,-32500,1,0,2,2,1,4,6,0,1,2,0,1,0,55440,5040,10080,40320,11,14,1,1
1,2,1,0,1459.97,5000000,1,4,11,19,2,0,0,1,0,3,0,3,4,3,3,2,1,1,2,1,80850,7350,14700,58800,5,16,1,1
0,2,0,0,1238.65,0,0,2,13,3,0,0,-44600,0,3,1,3,3,6,6,3,0,2,1,1,1,7480,680,680,6120,10,3,0,0
0,2,1,0,1050.76,0,1,6,13,12,5,41500,-70200,0,2,3,0,1,2,5,1,0,0,2,3,1,53640,5960,5960,41720,9,9,1,0
1,2,2,1,1711.72,0,0,3,12,0,5,0,0,0,0,2,0,1,4,4,1,2,1,2,2,1,63250,5750,11500,46000,3,7,1,1
0,0,0,0,865.33,7000000,0,2,4,9,3,0,0,0,0,3,0,0,1,2,2,2,1,0,1,0,59040,9840,9840,39360,4,0,0,0
0,0,1,0,1153.49,0,1,0,2,0,2,0,0,1,0,3,2,2,4,0,0,2,2,1,0,2,50500,10100,5050,35350,0,9,0,0
0,2,2,2,1281.25,0,1,0,6,6,2,0,0,0,2,3,0,3,4,1,0,0,2,0,1,1,57690,6410,12820,38460,8,15,1,0
0,0,0,0,1342.8,0,0,4,11,0,0,0,0,1,3,1,3,3,1,6,3,0,2,1,3,2,5940,660,660,4620,12,19,0,0
1,2,1,2,1443.32,0,0,6,3,7,4,0,0,0,0,2,0,1,4,3,1,2,0,0,2,2,47790,5310,5310,37170,11,0,1,1
1,2,1,1,1629.94,0,0,5,8,16,2,0,-47100,1,1,1,3,-1,4,5,0,0,0,0,1,1,3850,350,350,3150,4,19,0,1
1,0,0,2,1134.08,0,1,6,7,15,0,0,0,1,2,0,0,3,0,0,3,0,0,2,0,0,59000,5900,5900,47200,5,18,1,1
0,2,1,0,1483.91,8000000,1,1,6,9,0,0,-33600,0,0,2,0,0,1,0,0,2,1,0,1,0,70600,7060,14120,49420,13,18,1,0
0,1,2,2,1304.67,7000000,1,5,1,0,2,0,-45000,0,0,3,1,3,4,2,3,2,0,1,1,0,61490,5590,11180,44720,4,6,0,0
1,0,2,2,1035.79,0,0,4,10,11,5,44400,-51500,0,2,3,1,3,4,3,2,0,1,1,0,2,57640,5240,10480,41920,13,15,0,1
0,0,1,0,1401.2,0,0,2,2,12,3,51500,0,0,3,1,3,3,0,2,2,0,1,1,0,1,6890,1060,1060,4770,1,4,0,0
0,0,1,1,1665.45,0,1,3,6,10,5,34400,-33100,0,0,3,0,1,3,1,2,2,0,2,2,0,53280,11840,5920,35520,12,11,1,0
1,1,2,2,653.66,0,0,3,5,18,4,52100,-46900,1,0,2,1,1,4,6,1,2,1,0,0,0,78300,15660,7830,54810,2,14,0,1
0,2,0,0,1080.13,0,1,0,10,15,2,0,-61000,0,0,2,0,0,3,6,0,2,2,0,3,1,41490,4610,4610,32270,9,6,0,1
0,1,0,2,1346.18,0,0,0,6,4,5,57800,-53300,1,0,0,2,1,4,2,0,2,2,2,3,2,68970,12540,6270,50160,3,12,0,0
0,2,1,2,1589.54,0,1,1,5,4,0,55400,0,0,0,2,1,3,5,0,2,2,0,2,0,2,85300,17060,8530,59710,12,8,0,0
0,0,0,1,1251.65,0,0,0,7,4,5,71200,0,1,1,1,1,-1,1,2,2,0,1,0,0,1,3080,560,280,2240,1,17,0,0
0,0,0,2,1083.01,0,1,4,2,13,2,91900,0,0,0,0,0,3,6,0,1,3,2,2,0,0,71760,11040,11040,49680,7,15,1,0
1,2,0,0,974.59,0,0,3,1,16,5,62800,0,0,0,2,1,0,1,0,0,2,0,1,0,1,59700,11940,11940,35820,9,7,0,1
0,0,2,2,1399.85,0,0,5,7,16,2,49900,-19800,0,0,0,1,1,1,1,0,2,1,0,2,0,64920,10820,10820,43280,5,2,0,0
0,1,2,0,1307.74,0,0,0,6,2,3,0,-75700,0,0,0,0,0,4,5,2,2,0,0,1,1,37530,4170,4170,29190,7,13,0,0
0,1,1,2,1219.27,0,1,0,12,13,0,53100,-63400,1,0,3,2,0,6,1,2,2,2,1,2,1,64080,7120,7120,49840,10,17,0,0
0,2,0,0,1411.3,0,1,6,9,6,4,55600,0,1,2,2,1,2,3,4,3,0,1,1,0,0,60390,10980,5490,43920,2,9,1,0
1,0,0,2,694.45,0,0,3,1,8,1,0,0,0,0,3,0,3,6,3,2,2,0,0,1,2,64350,5850,11700,46800,9,16,1,1
0,0,0,0,1006.77,6000000,0,1,7,17,3,0,0,1,0,3,1,3,4,3,0,2,2,2,1,2,70900,14180,7090,49630,2,2,0,1
0,2,1,1,1422.36,0,0,3,2,12,4,0,-83900,0,0,3,1,1,3,1,0,2,1,1,3,0,46560,7760,7760,31040,9,17,0,0
1,1,0,1,1348.32,0,0,0,2,6,5,37600,-37600,0,3,1,3,3,1,0,3,0,1,2,1,0,4730,860,860,3010,3,18,1,0
0,2,1,2,1315.56,0,0,6,13,18,1,0,0,1,3,1,1,3,4,4,0,0,2,0,0,2,6820,1240,1240,4340,7,8,0,0
0,2,1,2,1407.01,5000000,1,6,12,17,2,47400,-27600,0,2,2,0,3,6,5,2,0,0,0,2,0,59900,11980,5990,41930,2,2,1,0
0,2,1,2,1388.58,0,0,4,8,1,3,0,-49400,1,0,3,0,3,6,5,0,2,0,1,3,2,79560,13260,13260,53040,5,14,0,0
1,0,2,0,1310.76,0,0,2,0,11,1,0,-40900,1,2,0,2,2,5,4,2,0,2,0,1,0,70290,12780,6390,51120,0,13,0,1
1,1,0,1,1004.63,6000000,1,3,8,10,1,26900,0,0,0,2,2,0,4,2,0,2,2,2,0,1,63910,5810,11620,46480,11,4,0,1
0,2,0,0,1134.91,0,0,0,13,9,1,68700,0,0,3,1,3,-1,4,5,2,0,0,1,0,1,6400,640,640,5120,12,2,0,0
1,1,1,1,1194.0,0,0,3,5,12,0,0,0,1,2,2,0,0,4,4,2,0,2,1,2,2,66780,7420,7420,51940,5,18,1,1
0,1,2,1,1248.25,4000000,0,1,11,10,3,0,-33300,1,1,1,1,3,5,4,2,0,1,0,2,0,8760,1460,1460,5840,2,18,0,1
0,2,0,0,1338.54,-1000000,1,0,6,11,5,0,0,0,2,3,0,0,0,0,0,0,2,0,1,0,94160,8560,17120,68480,3,1,0,0
0,0,1,2,782.23,0,1,1,10,9,2,64200,-32300,1,0,0,2,0,2,6,3,2,0,0,2,1,51570,5730,11460,34380,2,15,0,1
1,0,1,2,1366.9,0,0,2,5,14,0,0,-15700,0,0,2,0,1,0,3,0,2,0,1,0,1,52700,10540,10540,31620,2,19,1,1
1,0,2,1,1275.81,0,1,2,11,7,5,0,-48300,0,2,3,1,1,1,1,0,0,2,2,2,0,101010,15540,15540,69930,8,3,0,1
0,1,1,0,1090.65,0,1,2,3,9,4,0,-51800,0,0,2,1,3,0,1,0,3,0,1,2,2,53400,5340,5340,42720,6,15,1,1
1,1,1,0,1326.0,0,0,0,9,1,5,0,-54600,1,2,3,2,1,4,4,0,0,0,1,2,1,72120,12020,12020,48080,8,14,0,1
0,0,1,2,972.47,0,1,1,10,15,5,0,-58100,1,0,0,1,3,3,2,0,2,2,2,2,2,77100,7710,15420,53970,1,15,0,0
0,0,0,0,806.31,0,0,1,5,7,5,0,0,1,1,1,3,3,4,3,3,0,0,2,3,0,3300,600,0,2700,4,8,0,0
1,0,2,0,1416.24,0,0,4,0,9,1,0,0,1,1,1,1,-1,6,3,2,0,2,1,0,0,5940,1080,540,4320,9,8,0,0
1,1,1,2,1097.64,0,1,2,13,18,2,27100,0,1,0,2,0,2,3,3,0,1,1,1,0,0,63720,7080,21240,35400,0,11,0,1
0,0,0,0,947.75,0,0,5,4,0,1,0,-39300,1,3,1,3,3,4,5,0,0,1,1,3,1,7680,1280,640,5760,1,13,0,0
1,0,0,2,1018.73,5000000,1,0,5,19,3,20000,-82700,0,0,3,2,3,1,5,1,2,2,1,2,0,93730,14420,21630,57680,6,6,0,1
0,0,0,2,1400.74,0,1,1,11,0,2,34000,-55600,0,0,2,0,3,0,0,1,2,2,0,2,0,87300,17460,17460,52380,7,18,0,1
0,0,1,0,1155.53,5000000,1,3,13,4,5,0,-35200,0,1,1,3,3,1,1,3,0,0,0,2,1,5670,1260,630,3780,5,2,0,0
0,1,1,0,1386.93,0,1,2,8,3,0,54100,-77600,0,0,2,1,2,1,6,0,2,2,0,0,1,65800,13160,6580,46060,0,6,0,0
1,2,0,0,915.29,0,0,3,5,0,5,82400,-57100,1,2,0,0,2,1,0,0,0,0,2,1,2,36720,4080,4080,28560,6,14,1,1
1,0,1,0,1239.55,2000000,0,6,4,11,3,0,0,0,2,3,0,1,4,5,3,0,0,1,1,2,52800,4800,9600,38400,8,1,1,1
0,1,1,0,1366.42,0,0,0,10,6,4,44000,0,1,0,2,2,1,4,0,0,2,1,1,2,2,59100,5910,5910,47280,9,3,1,1
0,2,2,1,1086.48,6000000,1,0,6,10,4,0,-53800,0,0,2,2,2,1,4,0,2,0,1,1,2,77440,14080,7040,56320,11,4,0,1
0,0,1,2,1247.87,0,1,5,1,9,0,0,-39700,0,0,3,2,1,1,3,1,2,1,2,2,1,45700,4570,4570,36560,2,13,0,1
0,2,0,2,1312.75,0,0,6,11,7,2,81300,0,0,0,2,0,2,4,6,2,2,1,2,2,2,80740,7340,14680,58720,12,19,1,0
1,1,0,2,765.64,0,1,4,11,0,1,0,-22200,1,0,0,0,0,4,4,3,2,0,0,3,0,31350,2850,5700,22800,6,6,1,1
1,2,0,2,1327.41,0,0,0,5,16,2,0,-38600,0,2,3,2,2,4,2,3,0,0,0,0,0,35000,3500,7000,24500,11,17,0,1
0,2,2,1,1338.55,0,1,6,10,2,3,39000,0,0,0,3,2,3,6,2,2,2,0,2,2,1,68000,13600,6800,47600,12,19,0,0
1,0,1,2,1316.63,8000000,0,5,6,9,4,43900,0,0,0,3,1,2,4,3,0,2,2,2,0,0,84500,13000,13000,58500,2,14,0,1
0,0,2,1,1286.44,0,0,4,13,3,5,0,-39500,0,2,2,1,3,6,3,0,0,1,2,1,0,75500,7550,15100,52850,9,3,0,0
0,2,2,1,1372.18,0,1,2,3,3,1,0,0,0,0,3,2,2,6,5,1,2,1,1,3,0,90600,15100,15100,60400,2,14,0,0
0,1,2,2,1447.77,0,0,0,0,4,5,39400,-63900,0,0,3,2,0,5,3,2,2,2,1,1,0,64320,5360,10720,48240,0,3,0,0
1,0,1,0,903.32,0,0,2,13,19,1,0,0,0,0,2,1,3,1,3,3,2,0,1,0,0,31700,6340,3170,22190,12,11,0,1
1,1,2,1,1454.42,0,1,0,10,15,2,51600,-73900,0,2,3,0,2,1,6,1,0,2,0,1,2,74280,12380,12380,49520,11,11,1,1
0,0,0,2,1603.42,0,0,2,11,18,5,61600,-30200,1,2,0,2,1,1,1,0,0,2,0,2,2,80520,13420,6710,60390,12,10,0,0
1,1,1,2,1616.58,0,1,3,0,14,0,58500,-46800,1,0,2,0,2,4,2,0,2,2,0,3,2,63600,6360,12720,44520,4,15,0,1
0,0,1,0,1611.83,0,1,2,5,12,0,0,0,0,2,0,2,3,6,5,3,0,0,1,2,2,32800,3280,3280,26240,2,17,0,0
0,2,2,0,889.13,0,0,5,8,2,2,0,0,1,0,2,2,3,3,3,0,2,1,0,2,1,44190,9820,4910,29460,1,20,0,0
1,0,1,1,1252.08,0,1,1,3,17,1,0,0,1,0,2,0,2,5,6,3,1,2,2,2,1,50400,10080,5040,35280,6,5,1,1
0,0,2,2,995.56,0,1,3,12,17,1,0,-65400,1,0,3,2,3,1,3,1,2,2,1,1,2,88400,17680,8840,61880,9,15,0,0
0,0,0,2,1347.92,0,0,2,4,3,3,0,-42100,1,0,0,2,1,1,2,1,2,2,0,2,0,66550,12100,6050,48400,13,8,0,0
0,1,0,1,1724.09,0,1,6,2,19,3,0,0,0,0,2,1,3,1,0,1,2,2,0,0,0,65780,5980,11960,47840,3,19,0,0
0,1,1,0,1379.93,0,1,4,1,0,0,0,0,1,0,3,0,2,1,1,2,2,0,0,2,2,51810,9420,4710,37680,1,7,1,0
1,1,1,1,1554.64,4000000,1,6,10,2,3,0,-27900,1,2,0,0,2,6,6,1,0,1,1,0,1,55660,5060,10120,40480,6,14,1,1
1,2,2,1,1377.94,0,1,5,6,0,1,0,0,1,2,3,0,1,1,6,1,0,0,2,3,0,44640,9920,4960,29760,12,10,0,1
0,0,2,2,1313.33,0,0,6,13,15,0,53500,-73600,0,0,0,0,0,1,5,3,2,0,1,3,1,77660,7060,14120,56480,9,9,1,0
1,1,1,0,1259.02,0,0,3,12,0,4,67000,-53600,1,1,1,3,-1,4,3,2,0,1,2,2,0,5640,940,940,3760,9,10,0,1
1,0,2,1,1371.88,0,0,4,9,15,0,0,0,1,1,1,3,-1,5,0,3,0,0,2,2,0,3190,580,580,2030,11,0,0,1
1,2,0,0,1399.27,6000000,1,1,9,10,5,38900,-48700,1,2,3,2,1,0,0,1,0,0,0,0,2,53440,0,6680,46760,5,9,0,1
1,0,2,1,1061.98,6000000,0,3,1,4,4,0,0,1,2,2,1,3,6,2,0,0,1,0,1,2,65250,7250,7250,50750,2,7,0,1
0,2,1,0,1365.46,4000000,1,1,1,17,4,0,-56600,1,0,3,1,1,4,1,0,2,1,2,1,1,44280,4920,4920,34440,3,13,0,1
0,0,2,1,894.4,0,1,0,12,4,5,0,-53700,0,2,2,2,3,1,6,0,0,2,2,0,1,70290,7810,7810,54670,4,4,0,1
1,1,1,0,956.69,0,0,0,8,12,0,39600,-64300,1,2,0,1,2,1,2,1,0,0,1,1,2,87100,8710,8710,69680,10,5,0,1
1,1,2,2,1123.89,0,1,4,8,18,4,35400,-49200,0,0,0,2,1,1,1,3,2,0,1,3,0,50380,4580,4580,41220,11,1,0,0
0,0,0,0,1085.03,0,0,3,11,6,5,0,-61000,2,0,3,2,3,5,0,1,2,2,2,2,1,64800,12960,6480,45360,1,19,1,0
0,2,0,2,1437.33,0,0,0,2,12,5,25000,0,1,2,2,1,2,4,1,0,0,2,1,3,1,70400,12800,12800,44800,2,5,0,0
1,0,1,1,988.29,0,1,1,1,16,3,0,0,1,2,2,0,3,1,3,2,0,0,2,2,2,57860,0,10520,47340,11,13,1,1
0,0,2,0,1238.89,0,1,5,10,17,2,0,0,0,3,1,1,-1,6,3,3,0,0,0,3,1,6240,960,960,4320,5,16,0,0
0,1,0,1,1384.64,5000000,0,0,12,2,4,0,0,0,2,2,2,3,5,1,0,0,0,2,3,1,66600,16650,11100,38850,7,17,1,0
1,1,0,2,1595.07,0,1,6,13,10,4,75800,0,1,2,3,1,3,5,2,1,0,2,0,2,2,70920,11820,11820,47280,7,7,0,1
0,2,1,1,1127.89,6000000,1,0,6,16,3,67400,-43800,0,2,2,1,0,6,6,3,0,2,2,0,2,39480,6580,6580,26320,11,7,0,0
0,1,2,2,929.7,6000000,0,6,5,0,0,46400,-74300,0,2,0,2,2,5,0,0,0,0,2,2,2,63240,10540,5270,47430,8,10,0,0
1,0,0,1,1829.63,0,1,3,12,6,1,56700,0,1,0,3,2,2,4,0,1,2,2,1,0,0,67650,12300,6150,49200,1,14,0,1
0,0,0,1,904.7,7000000,0,4,2,3,4,68600,-22300,1,2,0,0,1,4,5,3,0,0,1,3,1,74200,14840,14840,44520,0,7,1,0
0,2,2,1,1243.84,0,0,3,12,14,3,47900,-73400,0,2,3,1,2,5,1,1,0,2,1,3,1,64900,12980,12980,38940,13,16,0,0
0,0,2,2,1030.95,0,0,0,6,13,2,47200,0,1,0,2,0,0,0,3,1,2,0,1,0,1,35900,7180,3590,25130,1,12,1,0
1,1,0,0,1285.03,3000000,0,2,2,4,4,0,-41500,1,2,2,1,1,5,5,3,0,1,1,3,0,52200,5220,10440,36540,6,16,0,1
0,2,0,0,1216.56,0,1,5,0,16,3,67400,-83200,0,2,0,1,3,4,2,1,0,0,0,2,1,78000,6500,13000,58500,11,5,0,0
1,1,2,2,966.26,0,0,2,0,0,3,56400,-32800,1,0,0,1,0,1,6,3,2,2,0,0,0,67200,6720,6720,53760,13,0,0,1
0,2,0,0,1203.17,0,0,4,9,9,4,56700,-65600,1,2,2,2,1,6,2,2,0,1,0,0,0,63250,11500,5750,46000,9,2,0,0
0,0,1,2,1212.12,0,0,4,2,13,1,65600,0,0,0,3,0,2,6,1,0,2,2,1,1,2,68760,11460,5730,51570,5,0,0,0
1,2,1,1,1573.93,0,1,1,7,12,2,30400,0,0,0,3,1,3,1,6,1,2,2,0,2,0,65040,10840,10840,43360,11,15,0,1
1,0,0,1,1609.67,0,1,1,0,19,5,0,-13200,0,2,3,0,0,4,6,1,0,0,1,3,0,82800,20700,13800,48300,7,9,1,1
0,2,2,0,1097.57,0,1,6,8,1,4,0,0,1,2,3,2,2,4,1,0,0,1,1,0,2,61700,6170,6170,49360,10,10,0,0
0,1,1,2,1618.65,2000000,0,0,13,14,4,0,-42600,1,0,2,0,0,2,1,3,2,2,2,1,2,78100,15620,7810,54670,3,2,1,0
1,1,0,0,922.67,0,0,1,8,13,2,47400,0,0,0,2,0,0,4,3,0,2,2,2,1,0,65520,9360,9360,46800,12,16,1,1
1,1,0,1,1342.02,0,1,4,9,14,3,0,0,1,1,1,3,-1,5,0,2,0,2,0,2,1,4500,450,450,3600,10,4,0,1
0,2,0,0,1195.01,0,0,0,11,15,3,60700,-54300,0,0,3,0,2,6,3,0,2,1,0,2,0,42700,0,6100,36600,8,16,1,0
0,2,2,1,994.74,0,0,2,0,14,3,0,-55300,0,1,1,1,3,4,2,2,0,1,2,2,2,5580,620,620,4340,13,10,1,0
1,1,0,1,1050.24,0,0,5,0,5,5,30700,0,1,1,1,1,-1,0,0,2,0,0,0,0,1,3600,360,720,2520,2,18,1,1
0,0,1,2,1313.51,7000000,0,5,3,7,3,68500,0,1,3,1,3,-1,4,4,2,0,0,2,0,0,2800,280,280,2240,13,20,0,1
0,2,2,2,1102.29,0,0,0,0,10,3,73000,-37900,0,2,0,1,0,5,3,0,0,1,1,0,2,54000,6000,6000,42000,12,1,0,0
1,1,1,1,1185.78,0,0,3,2,19,5,0,-60700,1,2,3,1,3,0,3,3,0,0,0,2,0,48950,4450,8900,35600,0,16,1,1
0,0,2,0,1527.95,0,1,6,3,10,2,69400,0,1,0,2,0,2,6,3,0,3,2,0,1,0,77800,15560,15560,46680,4,7,0,0
0,1,0,1,1366.39,0,1,2,10,8,2,0,-22400,0,0,0,0,2,0,1,1,2,2,2,1,1,52560,11680,5840,35040,10,0,0,0
0,2,2,1,1403.9,0,0,6,4,7,3,0,0,0,0,3,2,3,5,5,0,1,0,1,2,2,44110,4010,8020,32080,6,20,0,0
1,0,2,2,927.23,0,0,6,11,18,0,51500,0,0,2,0,2,2,4,2,2,0,1,1,3,0,74360,13520,6760,54080,11,14,0,1
1,2,1,2,1554.86,6000000,0,3,1,0,5,59000,0,1,1,1,1,-1,6,0,3,0,2,1,2,0,6120,680,680,4760,6,7,1,1
0,0,2,2,736.07,6000000,1,1,13,5,4,45700,0,1,0,3,1,3,4,3,0,3,0,0,0,2,62280,5190,10380,46710,11,17,0,0
0,0,1,1,974.16,6000000,0,5,11,15,2,0,-56800,1,0,0,2,2,1,6,0,2,0,1,0,2,26730,4860,4860,17010,13,11,0,0
1,2,2,0,973.8,0,0,0,2,8,3,0,-85900,0,2,2,0,0,6,0,2,0,0,1,0,1,66200,6620,6620,52960,4,18,0,1
1,2,0,2,1260.32,6000000,1,3,7,14,1,0,-79800,1,2,3,2,1,5,4,0,0,0,1,2,0,45500,9100,4550,31850,12,14,0,1
0,1,0,1,1464.03,0,1,3,13,17,3,0,0,1,0,3,1,0,1,6,1,2,0,2,0,0,53040,4420,4420,44200,1,11,0,0
1,2,0,2,617.11,0,1,1,7,15,2,0,-54100,0,0,0,0,2,5,1,0,2,0,1,2,1,50800,10160,5080,35560,8,18,1,1
0,1,1,2,1724.46,6000000,0,0,2,17,3,81800,0,0,0,3,2,3,4,3,1,2,0,1,3,0,44200,4420,4420,35360,1,19,0,0
1,0,2,0,1161.31,0,0,6,3,0,2,64800,-24300,0,2,0,1,3,4,6,1,0,2,1,3,0,62920,11440,5720,45760,3,17,0,1
1,2,1,2,1091.73,0,1,6,3,9,1,36100,-42300,0,0,2,1,2,1,6,0,2,0,0,2,2,49950,5550,5550,38850,9,9,1,1
0,0,1,2,1209.07,0,1,3,1,5,4,0,0,1,2,2,1,0,0,0,1,0,2,0,1,2,56430,6270,6270,43890,2,0,1,0
0,0,1,2,1241.04,0,0,5,10,2,3,0,0,0,2,0,1,3,1,5,0,0,1,2,2,2,100210,18220,18220,63770,1,19,0,0
1,2,2,0,1757.21,0,1,2,9,0,5,46400,0,1,0,0,1,1,1,3,0,2,1,1,0,2,49140,5460,5460,38220,5,12,0,1
0,2,1,1,802.24,0,0,1,7,13,1,0,-62500,1,2,3,0,0,6,4,0,0,1,0,1,0,66840,16710,5570,44560,8,19,0,0
1,1,2,1,1342.72,0,1,0,6,4,5,0,-45300,1,2,0,2,2,1,2,1,0,0,1,2,0,62460,6940,6940,48580,6,8,0,1
0,2,0,2,1209.41,5000000,1,3,6,0,5,0,0,1,0,3,2,2,1,1,0,2,2,0,1,0,62810,11420,11420,39970,9,4,0,0
1,2,2,1,1141.71,2000000,0,3,8,17,3,36700,-73400,0,2,0,0,0,6,4,1,0,2,1,2,0,54160,6770,6770,40620,11,14,0,1
1,0,0,0,1090.03,0,0,3,3,9,4,0,-51000,0,2,2,0,0,6,0,3,0,2,0,2,1,48400,9680,4840,33880,10,10,0,1
0,1,1,1,1464.73,3000000,1,6,3,9,2,54900,-36700,0,0,3,2,1,1,0,0,2,0,0,0,1,51480,5720,5720,40040,12,18,0,0
0,2,0,1,1118.58,0,0,2,9,2,0,0,-36600,0,0,2,2,1,1,1,3,2,1,2,1,1,51700,5170,10340,36190,10,8,0,1
0,2,1,2,1117.04,0,1,4,3,18,3,0,-42700,0,0,0,2,2,6,3,0,2,0,1,2,0,65520,10920,5460,49140,13,14,0,0
1,1,2,0,1257.83,7000000,1,2,4,15,3,40700,-41600,1,0,2,0,2,2,0,3,3,1,2,2,1,47700,4770,9540,33390,0,16,1,1
1,2,1,2,1082.72,0,0,6,6,18,1,61400,-57500,0,3,1,1,-1,4,3,3,0,2,2,0,1,5220,580,580,4060,0,20,0,1
0,1,0,1,1191.8,6000000,1,2,10,8,4,55600,0,0,2,3,0,2,1,5,1,0,1,1,0,0,73320,6110,12220,54990,5,17,0,0
0,1,0,1,1242.02,0,1,5,0,7,5,0,-28800,1,2,0,1,1,5,2,0,0,2,0,2,2,74900,14980,7490,52430,7,8,0,0
1,2,1,0,1075.71,0,0,2,9,7,4,0,-47400,1,3,1,3,3,6,1,2,0,0,0,1,2,3190,580,290,2320,10,20,0,1
1,1,0,1,969.88,6000000,1,4,1,8,3,0,0,0,2,2,1,0,1,1,1,0,1,1,0,2,76920,12820,6410,57690,3,7,0,1
0,2,1,2,1459.93,0,0,5,8,18,1,0,0,1,0,0,2,3,6,6,2,1,2,1,3,1,77990,7090,14180,56720,7,17,0,0
0,0,2,1,1245.61,0,1,4,13,0,3,0,0,1,2,0,2,1,1,1,2,0,2,1,0,0,59670,9180,9180,41310,5,13,0,0
1,1,0,2,1462.76,0,0,1,2,16,0,69200,-36900,1,0,2,0,0,1,1,1,2,2,2,0,1,44880,8160,4080,32640,8,9,1,1
0,1,0,2,1398.46,0,1,0,11,16,2,0,0,1,2,3,1,0,0,3,0,0,0,0,2,1,82830,7530,15060,60240,1,9,0,0
0,2,2,1,1269.64,0,0,1,1,6,4,48800,0,1,2,0,1,2,4,5,2,0,1,1,3,1,84480,7680,15360,61440,3,17,1,0
1,1,0,0,1455.65,4000000,0,1,13,16,5,0,-66300,1,0,3,2,1,6,2,2,2,0,2,3,1,79800,15960,7980,55860,6,4,0,1
0,2,2,2,1140.31,0,1,4,0,8,0,29300,-64700,1,0,2,1,3,6,0,2,2,0,0,3,2,53020,9640,9640,33740,12,4,0,0
0,1,2,0,1330.46,0,0,2,6,17,5,54800,-64100,0,0,3,2,3,5,2,3,2,0,0,0,1,24200,2200,4400,17600,11,13,0,0
0,2,1,2,1190.6,0,1,5,3,4,4,0,-45300,0,2,2,1,1,2,5,0,0,0,1,3,2,43230,7860,7860,27510,3,6,0,0
0,2,1,0,972.5,0,0,1,3,6,4,0,0,0,3,1,3,-1,0,6,3,0,1,2,3,1,3190,290,580,2320,5,0,0,0
0,1,0,2,1161.91,0,0,0,0,14,1,0,-50400,0,1,1,1,-1,6,4,2,0,0,0,3,1,5850,1300,650,3900,2,11,0,0
1,2,1,1,1117.17,0,0,2,6,18,1,0,-29900,1,1,1,3,3,4,0,2,0,2,2,0,2,6820,620,1240,4960,2,10,0,1
0,2,1,2,1101.51,0,0,1,4,4,1,64000,0,1,0,0,1,1,1,5,1,2,1,2,2,1,69480,11580,11580,46320,3,13,0,0
1,0,0,1,1523.17,0,1,5,9,12,3,0,0,1,0,0,0,1,3,3,2,2,0,1,2,2,94560,7880,15760,70920,7,0,0,1
0,2,2,1,984.45,0,1,0,1,13,4,0,0,0,3,1,1,-1,0,5,3,0,2,1,2,0,7800,780,780,6240,4,2,0,0
1,2,2,2,1257.0,4000000,0,2,6,1,4,63900,-43700,0,2,0,2,2,6,4,1,0,1,1,3,1,61270,5570,11140,44560,11,4,0,1
0,2,2,0,1434.51,0,0,5,13,3,5,0,0,1,2,2,2,3,1,5,1,0,0,0,2,2,71440,8930,8930,53580,8,10,0,0
0,2,1,2,1628.0,0,0,3,8,8,4,0,0,0,2,2,2,0,1,2,1,0,2,1,2,2,55600,11120,5560,38920,7,14,0,0
0,1,2,0,1412.31,0,1,2,8,2,4,0,0,1,3,1,3,3,0,5,2,0,1,1,3,1,5000,1000,500,3500,7,10,0,0
1,0,1,0,1362.87,5000000,0,3,3,13,3,56900,-56900,1,2,3,1,2,1,6,2,0,1,2,0,0,95810,14740,14740,66330,2,12,0,1
0,1,0,1,1134.68,0,0,1,12,5,0,0,0,0,2,2,0,0,4,3,1,0,1,2,2,0,69300,6930,13860,48510,13,1,0,0
0,1,1,1,1306.78,0,1,4,9,18,2,0,0,0,2,0,2,0,4,3,1,0,0,1,0,1,81120,13520,20280,47320,12,0,0,1
1,1,2,0,1021.9,0,1,2,5,10,0,0,0,1,2,0,0,2,6,1,1,0,0,0,0,0,91260,14040,14040,63180,12,17,0,1
0,1,0,1,1538.6,0,0,4,7,11,5,0,-54700,0,2,3,1,1,4,3,0,0,0,0,0,0,60600,6060,12120,42420,5,9,0,0
1,1,2,1,1354.5,0,1,5,6,0,0,52800,0,0,0,0,0,0,1,0,2,2,0,0,3,2,64800,6480,12960,45360,11,5,1,1
1,2,2,0,1282.93,0,0,1,3,1,2,0,0,1,0,3,0,3,6,4,3,3,0,0,0,0,66880,6080,12160,48640,3,1,1,1
1,0,2,1,1346.27,0,1,5,4,6,1,44900,-91400,0,2,0,2,0,6,0,2,0,1,0,2,0,58200,5820,5820,46560,2,18,0,0
1,1,0,1,1338.4,4000000,0,2,8,14,3,63600,0,1,2,3,1,3,0,2,1,0,0,1,0,1,60570,6730,6730,47110,9,16,0,1
0,0,0,1,949.44,0,0,5,3,4,2,0,-38400,0,0,2,0,0,0,6,1,2,0,0,0,1,69680,8710,8710,52260,8,13,1,1
0,1,2,2,977.4,0,1,5,13,3,3,82200,0,0,2,0,2,1,1,1,3,0,2,2,3,1,55700,5570,11140,38990,9,19,0,0
0,1,1,2,1181.46,10000000,0,3,13,17,2,0,-67400,1,0,0,2,0,2,0,0,3,2,1,2,2,62370,5670,5670,51030,4,6,0,0
0,2,2,0,1187.53,0,0,6,8,19,1,83200,-53300,1,0,3,2,2,5,1,1,2,0,0,0,2,54340,9880,0,44460,10,10,0,0
0,2,0,1,845.16,0,0,5,8,0,2,0,0,1,2,0,0,3,0,3,1,0,2,1,0,1,55170,6130,6130,42910,1,10,1,0
1,0,0,0,1442.27,0,1,1,8,8,5,67900,0,1,2,0,1,2,1,1,2,0,0,2,3,2,58500,11700,5850,40950,4,4,0,1
1,2,0,2,1276.43,0,1,0,8,16,3,0,0,1,2,2,0,1,0,5,0,0,0,0,3,0,59940,6660,6660,46620,6,0,0,1
1,2,1,0,1075.41,0,1,4,6,15,5,55200,0,1,2,3,2,3,3,3,2,0,1,1,0,1,73400,7340,7340,58720,4,1,0,1
1,0,0,0,1111.72,0,1,3,3,3,2,54600,0,1,2,3,0,1,3,5,2,0,0,1,2,0,41850,4650,4650,32550,11,2,0,1
0,2,2,2,814.96,6000000,0,6,8,5,1,68500,0,1,1,1,3,3,0,2,2,0,0,2,2,1,6400,640,1280,4480,8,10,1,0
0,0,2,1,1575.86,0,0,6,7,17,3,0,0,0,3,1,3,3,6,4,3,0,1,1,1,1,3190,580,290,2320,1,9,0,0
1,1,1,1,1115.27,0,1,3,5,14,4,0,-66000,0,1,1,3,-1,5,2,2,0,2,2,1,2,5900,590,590,4720,9,15,0,1
1,1,2,2,1175.7,0,1,5,10,19,1,0,0,1,2,2,2,1,1,1,0,0,1,0,2,1,57330,6370,6370,44590,4,11,0,1
0,2,0,0,793.15,0,1,4,12,2,3,54600,-45500,0,0,0,2,2,6,2,0,2,1,0,3,1,81960,13660,13660,54640,4,13,0,0
1,1,1,0,942.51,0,0,6,13,8,5,0,0,0,2,3,0,1,4,2,0,0,2,0,0,0,70400,6400,19200,44800,11,6,1,1
1,1,2,1,1056.71,0,0,3,10,13,1,77900,0,0,1,1,1,-1,5,1,3,0,1,2,1,0,3770,580,580,2610,7,7,0,1
0,1,2,2,1255.68,6000000,0,0,11,15,2,23600,-15600,1,1,1,1,-1,0,0,2,0,1,0,0,0,7400,740,1480,5180,4,19,0,1
0,1,2,0,1335.13,0,0,2,4,5,4,44000,-71000,0,2,2,2,3,4,3,0,0,2,1,1,0,54810,6090,6090,42630,3,4,1,0
0,1,1,0,1178.95,6000000,0,3,8,7,3,0,-67300,0,2,2,2,1,1,6,1,0,2,2,3,2,49400,4940,9880,34580,7,10,0,1
0,0,1,0,1793.16,0,1,0,12,8,5,0,0,0,2,0,1,1,0,5,1,0,2,2,2,1,68750,12500,6250,50000,3,14,0,0
1,2,0,0,1008.38,0,0,6,0,19,2,37900,0,1,2,0,2,0,4,0,2,0,1,1,0,0,61500,12300,6150,43050,4,18,0,1
0,0,0,0,1396.83,0,0,5,7,15,0,0,0,0,0,2,0,0,6,3,3,3,0,0,3,1,76890,6990,13980,55920,2,12,0,0
1,2,0,0,1402.78,5000000,0,6,7,0,0,70300,-50300,1,2,2,1,0,1,4,3,0,2,0,1,0,56070,6230,12460,37380,12,17,0,1
1,1,0,1,1437.88,0,0,1,13,15,0,42800,-51200,1,2,3,2,1,4,4,3,0,1,2,0,2,56000,14000,0,42000,3,8,0,1
1,0,2,1,1313.64,0,0,1,8,2,4,12100,0,1,1,1,3,-1,1,2,3,0,2,1,0,1,4290,780,390,3120,1,2,0,1
0,0,1,0,1482.14,0,0,0,13,15,0,33000,-43600,1,0,2,2,2,1,0,0,2,0,2,1,1,60750,6750,6750,47250,11,8,0,1
1,0,1,2,1171.75,0,0,0,6,2,1,46500,-42700,0,2,3,1,2,1,3,1,0,0,2,3,1,48730,4430,4430,39870,3,16,0,1
0,0,2,2,1353.33,0,1,0,0,18,1,0,-8500,1,0,0,1,3,6,6,2,2,2,2,0,1,95150,17300,17300,60550,5,12,0,0
1,1,0,0,1175.51,0,1,5,2,19,0,0,0,0,3,1,1,3,1,1,1,0,0,0,1,2,7480,680,680,6120,4,8,0,1
1,0,0,2,1836.02,0,1,5,13,12,3,38000,-41200,0,2,3,0,0,0,5,3,0,0,2,1,2,79800,13300,6650,59850,13,16,1,1
0,2,2,0,1480.79,9000000,0,4,8,2,4,0,-12100,0,2,3,2,2,0,2,0,0,2,0,2,0,103560,8630,17260,77670,7,2,0,0
0,1,2,2,1453.92,0,0,6,7,19,2,51700,0,1,2,3,1,0,1,2,0,0,2,2,3,0,79500,15900,7950,55650,0,0,0,1
0,2,1,0,1340.71,0,0,2,12,0,2,0,0,1,2,2,1,2,4,5,0,0,1,2,2,1,76230,6930,13860,55440,13,2,1,0
0,0,0,2,714.03,0,1,4,10,2,3,0,-17000,1,2,3,1,0,6,3,3,0,2,0,2,1,59520,9920,9920,39680,6,6,0,0
0,0,0,2,1376.16,0,0,6,12,10,3,38600,-50300,1,0,0,0,3,4,0,2,2,1,2,1,0,47760,5970,5970,35820,11,18,1,0
0,0,0,0,914.22,0,1,3,9,9,5,37900,-72900,0,0,3,2,3,1,6,0,2,1,2,0,1,84590,15380,7690,61520,10,18,0,0
0,2,2,1,1601.47,0,1,6,5,16,2,64400,0,1,0,0,2,2,4,1,3,2,2,2,2,0,61650,6850,6850,47950,9,11,0,1
1,0,2,1,1096.79,6000000,0,0,5,7,4,45500,-60600,0,2,2,0,3,5,6,0,0,0,2,1,0,81400,8140,8140,65120,2,3,0,1
1,1,0,2,1078.22,0,0,5,13,4,5,54500,0,1,0,3,0,1,4,3,3,2,1,0,1,2,58410,10620,5310,42480,3,12,0,1
0,0,1,1,1595.28,0,0,1,10,8,2,0,0,0,0,3,0,0,5,6,1,2,0,0,0,0,38610,3510,3510,31590,13,12,0,0
0,2,0,1,1217.84,5000000,0,2,4,19,1,49600,0,1,0,0,1,1,6,4,1,2,0,2,2,1,57600,9600,9600,38400,13,20,0,0
1,0,0,2,1117.42,0,0,6,10,11,1,0,-51900,1,0,3,1,1,0,2,1,2,1,2,2,1,53190,5910,11820,35460,13,1,0,1
0,2,0,2,1567.37,0,0,3,2,16,0,62500,0,1,2,0,0,2,1,5,2,0,0,2,3,1,58300,5830,11660,40810,9,19,1,0
0,0,2,2,1294.93,6000000,1,4,12,18,4,38000,-50300,1,0,0,1,0,6,6,0,2,2,1,2,1,64620,7180,0,57440,4,8,0,0
0,0,1,1,1152.12,0,1,6,1,10,1,0,-62400,1,0,3,2,0,6,5,0,2,1,2,0,2,90480,15080,15080,60320,2,5,0,0
0,0,0,1,1441.21,0,0,6,4,11,5,0,0,0,3,1,3,-1,4,1,3,0,1,1,0,1,7080,1180,1180,4720,9,6,0,0
0,0,2,1,1575.74,7000000,1,3,3,5,2,0,-68900,1,1,1,1,3,3,6,1,0,0,2,2,0,6490,590,1180,4720,12,16,1,0
0,2,2,2,1233.96,0,0,5,7,9,2,34500,-60600,1,0,3,2,3,0,2,0,2,1,1,1,1,55900,5590,5590,44720,9,20,0,1
1,0,1,1,1861.43,0,1,2,0,14,0,60400,-67800,0,2,2,0,2,4,1,0,0,1,0,3,2,63800,6380,6380,51040,10,3,1,1
0,2,0,1,1570.86,0,1,4,4,6,2,66000,0,0,2,3,2,3,5,3,2,0,0,0,1,2,58160,7270,7270,43620,10,1,1,0
0,0,2,2,791.47,0,1,5,1,5,4,0,0,0,3,1,1,3,0,5,2,0,1,1,2,1,6300,630,1260,4410,8,6,1,0
0,1,1,1,1012.78,0,1,4,11,19,2,43700,0,0,2,0,0,1,6,0,1,0,1,2,1,1,104610,19020,19020,66570,8,4,1,0
0,0,0,0,1047.06,6000000,1,1,3,17,5,0,0,1,0,2,0,1,4,6,1,2,1,0,2,1,69850,12700,6350,50800,5,4,0,0
1,2,1,1,1390.29,0,0,5,8,14,2,0,-41200,0,2,2,1,1,3,4,0,0,1,0,0,0,62900,12580,6290,44030,0,11,0,1
1,1,2,0,951.46,0,1,3,5,9,1,0,-35500,0,0,0,0,2,6,5,2,2,1,0,3,0,59670,6630,6630,46410,13,9,1,1
0,0,0,1,1226.78,0,1,3,1,4,4,49600,-49200,0,0,2,1,2,1,6,0,1,2,2,0,0,81500,16300,8150,57050,2,18,0,0
0,2,0,0,1280.9,0,1,2,1,18,3,48900,-40900,0,2,2,1,0,0,6,2,0,1,2,0,0,50000,15000,5000,30000,7,14,0,0
1,1,0,2,1472.77,0,1,0,0,8,0,0,-31700,1,2,0,2,2,1,6,3,0,0,2,1,0,48290,8780,8780,30730,9,0,0,1
1,2,2,1,1878.44,0,1,2,7,9,0,0,-76000,1,2,2,2,1,5,5,3,0,1,0,0,0,59070,5370,5370,48330,3,8,0,1
1,1,2,0,1418.5,0,0,2,1,19,2,0,0,1,0,2,1,3,1,6,1,2,0,0,0,1,63300,12660,6330,44310,4,17,0,1
0,0,0,0,1532.8,0,1,1,9,8,3,0,0,1,2,3,2,2,4,3,2,0,1,0,3,2,65780,11960,11960,41860,8,18,0,0
1,2,1,0,1304.35,0,1,3,13,6,1,0,0,1,0,0,2,0,1,1,2,2,1,0,2,0,75400,11600,11600,52200,4,10,1,1
1,2,2,2,1551.61,0,1,2,1,12,4,45000,-30400,1,3,1,1,-1,6,0,3,0,2,1,1,1,2250,250,250,1750,12,10,0,0
0,0,0,1,1326.98,6000000,0,2,6,15,4,64200,0,0,0,0,1,0,5,3,0,2,2,1,3,0,54120,4510,9020,40590,7,12,0,1
0,2,1,0,862.92,0,1,4,6,4,5,0,-71700,0,0,3,0,2,1,4,0,2,1,0,2,1,69480,11580,11580,46320,10,12,0,0
0,1,0,2,1331.69,0,0,5,0,15,1,0,0,1,2,2,1,3,1,3,0,0,0,1,2,1,66950,10300,10300,46350,3,20,0,0
0,2,1,2,1486.04,0,0,0,1,2,3,0,-56200,0,0,2,0,2,2,4,3,2,1,2,3,0,64100,12820,6410,44870,4,19,1,0
0,1,0,1,870.55,0,1,6,9,4,4,0,-49400,0,2,2,1,2,4,6,1,0,0,0,3,0,80280,13380,13380,53520,3,18,0,0
0,0,2,2,1344.56,6000000,1,0,6,10,0,0,-39100,1,3,1,3,3,1,3,2,0,0,1,2,1,4680,520,0,4160,0,4,0,0
1,2,2,1,1377.04,0,1,1,12,0,5,61400,-41100,0,0,2,1,0,1,6,2,3,0,1,1,1,39720,6620,6620,26480,0,7,0,1
0,0,1,0,1237.88,0,1,4,3,8,1,0,-46900,0,2,0,0,3,1,0,2,0,0,0,0,0,63580,5780,5780,52020,8,2,1,0
0,1,0,1,1525.86,0,0,6,2,4,3,0,0,0,2,3,1,2,0,3,3,0,2,1,1,2,73370,13340,6670,53360,10,18,0,0
1,2,2,0,854.58,0,0,3,2,13,2,52200,0,0,2,3,1,3,4,4,0,0,0,2,3,2,86790,7890,23670,55230,6,8,0,1
0,1,1,1,770.76,0,1,5,12,17,0,0,-53700,1,2,3,0,3,6,1,3,0,1,0,2,0,49800,9960,4980,34860,8,20,0,1
0,0,0,2,1132.74,0,0,0,1,8,0,0,-37500,1,2,3,0,2,6,2,0,0,2,1,1,1,77440,7040,14080,56320,9,10,0,0
0,0,2,0,1173.37,8000000,0,6,5,2,3,0,-42700,0,2,0,2,2,4,6,3,0,0,1,0,0,42900,8580,0,34320,0,4,0,0
1,2,0,2,1188.28,6000000,0,3,4,16,5,0,-53800,1,0,2,0,1,5,2,0,1,2,1,0,1,53820,11960,5980,35880,5,20,1,1
0,0,0,1,876.88,6000000,1,4,11,15,2,0,0,0,2,2,1,3,6,2,3,0,1,2,1,1,57330,12740,6370,38220,7,3,0,0
1,0,2,1,1143.95,0,0,6,12,13,2,51400,0,1,0,2,1,3,1,5,0,2,1,2,1,0,53370,5930,5930,41510,9,16,0,1
1,0,0,2,1409.06,0,1,2,9,19,0,74200,-68100,0,2,0,1,3,1,4,3,0,1,2,2,2,62920,9680,14520,38720,0,10,0,1
1,1,2,1,1070.63,0,0,2,6,2,4,0,0,1,0,0,2,1,1,0,3,2,0,0,1,1,61600,6160,12320,43120,6,8,0,1
1,0,2,2,916.13,0,1,1,11,9,4,55300,-58400,0,0,2,2,3,1,3,0,2,2,2,0,1,74160,6180,12360,55620,8,7,0,1
0,2,1,0,1191.5,0,1,2,8,15,0,38600,-52900,0,2,2,2,3,6,0,2,0,1,2,0,0,80100,8900,8900,62300,1,20,0,0
0,2,2,1,1474.66,0,0,3,11,13,0,0,-46200,1,1,1,3,3,1,2,2,0,0,2,3,1,6560,820,820,4920,13,8,0,0
1,0,1,1,1193.45,0,1,3,7,10,1,0,0,0,2,2,2,0,6,3,2,0,0,2,1,2,58800,11760,5880,41160,9,2,0,0
0,0,1,1,1437.53,0,0,1,13,5,1,0,0,1,0,3,1,0,3,4,2,2,0,0,2,1,53730,11940,5970,35820,4,18,1,1
0,0,0,2,1304.83,0,0,1,7,6,0,0,0,0,2,2,2,0,1,0,1,0,1,0,0,1,60600,5050,10100,45450,6,6,0,0
0,2,1,1,1168.8,0,0,3,12,12,2,0,-42400,1,2,3,2,2,1,4,2,0,0,0,3,2,35750,6500,3250,26000,8,6,0,0
1,1,0,1,1164.97,0,0,1,0,8,5,43000,-42500,0,2,0,2,0,6,0,0,0,0,1,2,2,42840,3570,7140,32130,3,9,0,1
0,0,1,1,1232.72,0,1,2,1,10,3,87800,-51200,1,0,0,0,1,4,6,1,2,0,1,0,1,87960,14660,14660,58640,7,4,1,0
0,0,1,2,1800.76,0,1,3,10,4,2,0,-78600,0,0,2,1,0,4,2,3,2,1,1,0,1,47800,4780,4780,38240,7,14,0,0
0,0,2,0,1187.01,7000000,0,0,12,8,4,46300,-33000,1,3,1,3,3,1,4,2,0,1,0,1,0,3840,640,640,2560,3,19,0,0
0,1,0,1,1559.34,0,1,3,13,10,3,0,-51600,1,2,0,2,1,1,5,3,0,1,0,2,0,77000,14000,7000,56000,0,9,0,0
1,0,1,2,1137.02,0,0,6,4,16,1,31500,0,0,2,2,2,0,6,6,1,0,2,1,3,0,88110,16020,16020,56070,1,8,0,1
0,1,0,1,1281.72,0,1,1,4,10,2,33500,-49500,1,0,2,1,1,4,3,1,3,1,0,2,2,47740,4340,4340,39060,6,10,0,0
1,2,0,1,796.35,0,0,4,2,18,3,72400,-77000,1,0,2,2,1,4,3,2,2,2,2,1,2,58960,5360,10720,42880,5,9,0,1
0,2,1,0,1270.02,0,0,0,12,16,3,0,-45800,0,1,1,1,3,0,4,3,0,1,1,2,0,2160,480,240,1440,12,9,0,0
1,0,0,1,1383.13,0,0,3,9,8,3,46700,0,1,3,1,3,3,4,5,0,0,2,1,1,0,6890,530,1060,5300,7,2,0,1
0,0,0,2,1290.74,5000000,0,2,9,11,0,58300,0,1,0,3,0,0,5,6,2,2,1,2,0,2,78870,7170,14340,57360,11,18,0,0
0,1,0,1,1216.68,0,0,5,11,1,2,55100,0,0,3,1,3,3,4,1,2,0,1,1,1,1,2700,300,300,2100,5,18,0,0
0,0,0,0,1251.16,0,0,0,6,11,1,41400,0,1,2,0,2,0,6,5,0,0,0,0,1,1,75960,6330,6330,63300,7,15,0,0
1,1,1,2,1586.41,0,0,2,11,18,2,33500,-58900,0,2,0,0,3,6,4,2,0,2,1,3,0,75570,6870,13740,54960,2,15,1,1
0,0,2,2,1526.11,5000000,0,5,11,8,4,0,0,0,2,0,1,3,4,1,0,0,0,2,3,2,90240,15040,15040,60160,3,0,0,0
0,1,0,1,1028.44,0,0,1,9,7,1,0,0,0,2,0,0,0,4,6,0,0,0,0,0,1,80960,14720,7360,58880,0,5,0,0
0,0,0,1,1555.94,0,1,6,2,16,3,23300,0,0,0,0,2,2,5,5,0,2,1,1,3,2,79080,6590,13180,59310,8,17,0,1
0,1,2,2,1570.77,0,1,3,0,13,1,98800,-65300,0,3,1,1,-1,4,1,0,0,1,0,3,1,6820,1240,620,4960,8,14,0,0
0,2,0,2,1170.53,0,0,6,1,17,5,65000,-49200,0,0,2,2,1,6,3,0,2,1,1,2,2,62590,5690,11380,45520,9,11,0,0
1,2,1,1,1099.95,0,0,1,11,7,5,0,-71900,0,2,3,0,2,1,0,0,0,1,1,0,2,52400,6550,6550,39300,0,10,1,1
0,0,1,2,1472.43,0,1,4,12,1,0,0,-90600,0,0,0,0,0,6,0,3,2,0,1,3,2,63580,5780,11560,46240,13,9,0,0
0,0,1,0,1275.62,0,0,0,8,15,2,0,-56200,0,0,3,1,3,1,5,1,2,2,2,1,1,61400,6140,6140,49120,9,0,0,0
0,0,1,1,1292.3,0,1,2,0,13,3,47600,0,1,1,1,1,-1,5,3,3,0,2,1,3,1,4700,940,470,3290,4,12,1,0
0,1,1,2,1009.37,0,0,1,9,10,2,45400,-39400,1,2,0,2,1,4,5,1,0,1,0,2,2,74140,13480,13480,47180,2,20,0,0
1,2,2,0,1093.07,4000000,0,6,7,15,5,27700,-72400,0,2,0,0,2,5,2,3,0,0,2,2,1,83160,6930,13860,62370,13,16,0,1
0,2,1,1,1325.44,7000000,0,3,4,13,2,51400,-6300,1,1,1,3,3,0,0,1,0,0,0,2,2,10790,1660,830,8300,8,18,0,0
1,0,0,2,1017.18,0,0,4,9,13,0,0,0,1,0,2,0,3,0,0,1,2,2,1,3,1,48070,8740,8740,30590,10,19,0,1
1,2,0,1,1221.17,0,0,5,10,9,1,49300,0,0,0,2,1,0,4,4,3,2,2,0,0,2,51030,5670,11340,34020,11,1,0,1
0,1,0,0,1927.87,0,1,4,9,19,0,0,0,0,2,0,1,1,5,0,2,0,2,0,1,0,43280,0,5410,37870,6,1,1,0
1,1,1,1,978.27,0,0,0,11,13,3,65700,0,1,2,0,0,1,4,2,3,0,0,1,3,1,76400,15280,7640,53480,11,8,0,1
0,1,0,2,1221.14,0,1,4,9,2,5,48100,0,0,2,3,2,0,5,2,0,0,0,0,2,0,75460,13720,13720,48020,1,7,0,0
0,2,0,2,1255.62,0,1,4,1,14,4,0,0,1,0,3,0,2,2,4,1,2,2,2,1,2,69000,13800,6900,48300,5,0,1,0
0,1,1,0,999.52,0,1,3,12,9,2,0,0,0,3,1,1,3,5,6,2,0,0,1,2,1,8640,1440,720,6480,0,13,0,0
1,2,1,0,1380.89,0,1,6,1,7,3,30000,-53000,1,0,2,1,0,4,0,3,2,0,2,1,0,67210,12220,12220,42770,2,1,0,1
0,1,2,0,1010.77,0,1,2,13,1,4,52300,-55600,0,0,3,2,0,0,0,3,2,0,0,3,1,42500,4250,4250,34000,13,4,0,1
0,2,0,0,1205.86,0,1,0,1,1,5,0,-34600,1,2,2,1,1,4,0,2,0,2,0,1,1,86400,14400,7200,64800,0,6,0,0
0,0,2,1,1526.61,0,1,5,5,5,1,0,-32900,0,3,1,1,3,4,2,3,0,2,2,2,0,4620,840,840,2940,4,14,1,0
0,0,0,1,1496.44,0,0,2,12,4,4,0,0,1,1,1,3,3,0,6,2,0,2,2,2,1,6930,630,1260,5040,6,18,0,0
0,0,0,0,1256.2,0,0,3,11,10,1,0,0,0,0,3,1,2,4,3,2,2,2,1,2,2,41700,8340,8340,25020,10,18,0,0
0,0,0,0,1268.35,0,1,5,13,2,5,0,0,0,2,2,0,2,1,4,0,0,2,2,1,1,77330,14060,14060,49210,13,19,1,0
1,1,2,2,1421.59,0,1,1,7,17,3,0,0,0,3,1,3,3,6,0,2,0,0,2,3,2,4950,900,450,3600,5,16,0,1
1,0,2,0,1500.04,6000000,1,6,2,14,3,0,-36500,1,3,1,1,3,0,4,3,0,1,0,2,2,5160,860,860,3440,0,9,0,1
1,0,0,0,1433.24,0,0,1,3,19,1,0,-19500,1,0,3,2,1,6,5,2,2,1,2,1,0,24570,2730,2730,19110,10,11,1,0
0,1,0,2,1231.25,0,0,6,2,12,1,46500,0,0,0,2,1,0,6,0,0,2,0,1,0,0,53680,4880,9760,39040,12,16,0,0
0,1,2,0,1135.43,0,1,5,4,3,3,22700,0,1,0,3,2,3,6,1,1,2,2,1,1,2,42900,3900,3900,35100,3,15,0,0
0,2,1,2,945.73,5000000,1,4,10,5,5,38600,-42800,1,2,0,1,1,1,0,1,0,1,0,0,1,84100,16820,8410,58870,5,14,1,0
1,1,0,2,1118.76,0,0,1,0,7,3,0,-55800,1,2,0,2,1,1,4,1,0,0,1,3,0,61560,6840,6840,47880,5,13,0,1
0,1,2,2,1231.98,0,0,0,7,10,1,0,-31700,0,2,2,1,3,1,2,2,0,2,0,0,0,44240,5530,5530,33180,4,2,0,0
1,1,2,2,1005.47,0,0,3,10,10,3,58100,-49000,1,0,2,1,0,5,1,0,3,0,2,3,2,57700,11540,5770,40390,7,7,0,1
0,2,0,2,1108.97,0,0,6,3,8,1,68400,-66800,0,2,3,1,2,6,6,3,0,1,2,2,2,108030,16620,16620,74790,10,7,0,0
1,1,0,0,1392.39,5000000,0,2,3,7,4,0,-65700,0,2,2,1,1,4,5,0,0,1,2,0,2,54300,10860,5430,38010,12,15,0,1
0,1,0,2,1317.97,0,1,2,2,12,5,34700,-81000,0,0,0,0,0,4,1,1,2,0,1,2,0,32280,5380,5380,21520,5,15,1,0
0,1,1,1,1588.22,0,1,3,6,4,2,0,-53800,0,0,2,2,2,6,5,0,2,2,1,1,1,84600,16920,8460,59220,3,12,0,0
1,0,1,0,900.02,6000000,1,1,2,4,3,0,-49900,1,2,0,2,2,4,6,2,0,1,1,3,2,69700,6970,6970,55760,2,13,0,1
1,2,0,1,1744.64,3000000,1,3,9,12,4,0,0,1,0,2,2,0,6,6,3,2,1,0,1,1,36400,3640,7280,25480,13,3,0,1
0,2,1,1,1260.56,0,0,3,0,13,3,0,-54900,1,0,3,1,3,4,4,1,2,1,0,2,2,37520,4690,4690,28140,7,15,0,0
1,2,2,2,1021.14,0,0,5,7,13,5,69500,-47700,0,0,3,0,0,1,3,3,2,1,2,3,0,79090,14380,14380,50330,4,19,0,1
0,2,1,2,1285.09,0,1,3,4,2,1,48000,-79600,1,2,2,0,2,1,6,1,0,1,0,2,2,67770,7530,15060,45180,8,18,1,0
1,2,0,0,1537.07,3000000,1,3,12,5,5,0,0,1,2,3,2,2,2,3,2,0,1,1,0,1,47400,9480,4740,33180,3,9,1,1
0,1,0,1,1022.42,0,1,6,7,16,0,50000,-56900,1,2,0,2,2,4,3,0,0,2,0,2,0,71100,7110,14220,49770,1,13,0,1
0,2,0,2,1558.86,0,1,4,7,7,5,51100,-75100,1,2,0,1,3,1,6,3,0,0,2,2,1,69400,13880,6940,48580,2,17,0,0
0,2,2,0,1757.87,0,1,2,13,2,1,71400,0,0,0,2,0,2,4,4,2,2,2,2,1,0,55000,5000,10000,40000,10,1,1,0
0,1,1,1,973.5,0,1,6,6,14,1,50400,0,1,0,2,2,3,6,0,0,1,2,1,3,2,51090,7860,7860,35370,12,8,0,0
1,2,2,0,1430.8,0,1,6,6,4,4,0,0,1,2,3,0,1,1,6,1,0,0,2,3,1,64200,6420,19260,38520,6,12,1,1
0,0,2,0,1192.27,0,1,2,11,0,3,0,-40200,0,2,0,2,2,0,5,0,0,1,2,0,2,67320,12240,12240,42840,5,11,0,0
1,0,1,0,1163.83,0,1,0,10,12,0,37700,0,1,0,3,0,2,0,0,1,3,2,2,0,0,76120,6920,13840,55360,1,4,0,1
1,2,2,1,1003.15,0,0,3,4,12,2,0,-38500,0,0,0,1,0,4,2,1,1,2,2,1,1,85020,13080,13080,58860,5,15,0,1
0,2,1,2,1153.54,6000000,1,5,10,14,4,0,-57000,1,0,2,1,1,1,4,3,2,1,0,1,0,68090,12380,12380,43330,12,14,0,0
1,0,0,1,1631.1,0,0,2,8,8,5,0,0,0,1,1,3,3,6,0,3,0,0,1,2,1,6030,670,670,4690,9,12,0,1
1,0,2,1,1252.48,0,1,4,6,19,5,0,-55800,1,3,1,1,-1,2,6,0,0,0,1,3,1,5100,1020,510,3570,3,5,0,1
1,1,0,1,1677.26,0,1,1,11,19,3,40100,0,0,3,1,3,3,6,6,2,0,2,1,3,2,4590,510,510,3570,13,18,0,1
0,0,1,1,979.73,0,0,3,3,19,1,51700,0,1,0,0,0,2,4,1,0,1,0,1,2,1,72400,7240,14480,50680,3,4,1,0
0,1,1,0,989.24,0,1,5,7,16,1,0,0,1,2,0,0,1,1,4,0,0,1,2,3,1,70900,14180,7090,49630,8,7,0,0
1,0,2,1,1389.86,0,0,0,8,10,0,0,0,0,0,3,2,2,6,6,1,1,0,2,3,2,65100,6510,6510,52080,10,16,0,1
0,2,0,0,1233.85,0,0,1,5,5,0,0,0,1,0,3,2,0,3,2,1,2,0,2,1,2,64260,0,14280,49980,5,4,0,0
0,0,2,0,1320.39,0,0,0,1,19,1,0,0,0,2,2,0,0,6,0,0,0,0,2,1,0,79970,7270,21810,50890,6,1,1,1
0,1,0,1,1435.09,0,0,1,6,3,1,36600,0,0,2,2,2,3,4,4,0,0,1,2,0,0,56610,6290,6290,44030,3,0,0,0
1,1,2,0,1448.54,0,0,3,2,14,5,58600,0,1,2,3,0,1,5,4,2,0,2,1,1,0,84590,7690,7690,69210,12,5,1,1
0,2,1,0,1733.56,0,1,2,11,17,5,0,-43800,0,0,3,0,1,4,2,0,2,1,2,1,2,66780,7420,14840,44520,8,1,0,1
0,1,0,0,1533.07,0,1,3,4,8,3,0,-28800,0,2,2,0,3,0,6,0,0,2,1,2,2,58500,0,6500,52000,5,6,0,1
0,0,0,0,1106.77,0,0,1,9,9,2,45500,-62500,1,1,1,3,3,6,1,3,0,0,2,0,1,5000,500,500,4000,4,8,0,0
1,0,0,0,995.7,5000000,0,3,8,5,4,0,0,1,1,1,3,3,3,6,3,0,0,2,1,0,5000,500,1000,3500,8,13,1,1
0,0,1,1,1298.85,6000000,0,2,11,4,2,71300,-70300,0,0,0,0,0,1,1,0,2,0,1,3,2,54450,6050,12100,36300,10,12,0,0
0,2,1,1,1276.73,5000000,0,5,5,3,2,0,0,1,0,0,0,3,6,4,0,2,1,1,3,0,61920,6880,6880,48160,10,8,0,0
1,2,1,2,1202.28,0,1,2,3,6,2,0,-61400,0,2,3,1,0,5,2,3,0,0,1,2,1,43700,4370,4370,34960,9,12,1,1
1,1,0,0,671.92,0,1,5,6,3,5,0,-26400,0,2,0,1,2,0,5,3,0,0,2,0,0,64080,7120,7120,49840,5,2,0,1
1,0,1,1,1358.03,0,1,3,11,5,3,59300,-31400,1,2,2,2,2,4,2,3,0,1,2,1,0,55000,10000,10000,35000,13,13,1,1
1,1,1,1,1008.79,4000000,0,5,0,18,3,46000,0,0,3,1,3,3,6,1,1,0,1,2,3,0,4400,0,550,3850,12,5,0,1
1,2,0,1,1141.1,0,1,3,1,12,2,0,0,1,0,3,1,3,4,2,0,1,0,0,1,2,71640,5970,11940,53730,12,13,0,1
0,2,0,1,1397.0,0,1,2,6,15,1,0,0,0,2,2,1,2,1,0,2,0,1,1,0,1,61740,6860,6860,48020,0,2,0,0
1,2,2,1,1664.66,0,0,0,8,9,3,0,-66200,1,2,3,2,0,4,6,3,0,0,0,3,0,57500,5750,5750,46000,1,15,0,1
0,1,1,1,1151.39,4000000,0,5,3,15,5,0,-63900,0,1,1,1,3,1,6,0,0,2,0,0,0,8700,870,1740,6090,0,8,0,0
0,2,0,2,1546.01,0,0,4,0,14,5,0,0,0,0,0,2,3,5,5,3,3,1,2,1,0,77100,15420,7710,53970,13,1,0,0
0,0,1,0,1063.67,0,1,5,8,7,5,0,0,1,2,0,1,3,1,6,0,0,1,2,0,2,59400,6600,6600,46200,4,0,0,0
0,1,0,1,709.14,0,1,5,6,11,0,0,0,1,0,2,1,1,1,4,3,2,1,1,0,1,54890,9980,4990,39920,12,11,0,0
1,0,1,0,1039.55,0,1,4,3,11,4,55600,-59700,1,0,0,1,2,6,1,3,2,0,2,1,0,74030,6730,13460,53840,3,10,0,1
0,0,1,0,1339.39,0,0,0,0,5,1,0,0,1,2,2,2,2,1,1,0,0,0,1,2,2,61490,11180,11180,39130,2,3,0,1
1,1,1,1,1202.75,0,1,2,5,2,1,57900,-90100,0,0,0,1,3,4,4,1,2,1,0,2,2,79560,6630,13260,59670,13,8,0,1
1,0,0,2,1081.17,0,1,4,11,19,5,0,-65200,0,1,1,1,3,1,3,3,0,0,0,1,1,4900,490,490,3920,12,15,0,1
1,0,1,0,991.39,0,1,2,12,13,2,45600,-61400,1,0,3,2,2,6,6,3,2,0,1,0,1,77770,14140,14140,49490,9,5,0,1
0,1,2,0,984.02,0,0,3,13,2,4,75800,0,1,0,3,0,1,4,1,0,1,0,2,2,0,74700,7470,14940,52290,9,12,1,0
1,0,0,0,1354.83,0,1,4,12,17,0,66300,0,0,0,0,1,3,1,0,0,1,1,2,2,0,40600,4060,4060,32480,13,15,0,1
1,2,0,1,830.31,0,1,3,4,18,0,0,-32600,0,2,2,2,0,4,6,1,0,0,1,0,0,45270,10060,10060,25150,7,11,0,1
0,0,0,2,987.42,7000000,0,0,6,11,3,0,0,0,0,0,1,0,1,6,0,2,1,0,3,0,47080,4280,8560,34240,10,11,0,0
0,2,2,0,1119.29,0,0,4,6,5,0,0,0,0,2,3,1,3,4,2,0,0,0,0,0,1,40700,4070,4070,32560,13,5,1,0
1,2,0,0,1048.39,0,0,5,13,14,3,0,0,1,2,3,1,3,1,5,3,0,0,2,1,2,34650,6300,3150,25200,5,1,0,1
1,2,2,1,1074.47,0,1,4,10,4,5,0,0,1,1,1,3,3,6,5,3,0,0,2,0,0,3200,400,400,2400,7,17,0,1
0,0,2,1,1230.76,0,1,2,6,19,4,0,-74200,0,2,2,0,1,5,2,3,0,0,1,1,1,78980,7180,14360,57440,10,2,1,0
1,2,2,0,1255.02,0,1,0,11,15,1,58200,0,0,1,1,1,-1,4,5,2,0,2,1,0,1,6160,560,1120,4480,9,1,0,1
0,1,0,1,1555.52,0,0,4,6,10,3,43600,-67800,1,2,0,0,0,0,4,2,0,2,1,1,1,85250,15500,7750,62000,8,4,0,0
0,0,0,2,836.11,5000000,1,5,11,4,1,0,0,0,0,3,0,1,4,6,3,3,2,1,2,1,72840,12140,6070,54630,4,15,0,0
0,1,0,0,1450.98,0,1,0,3,0,0,43700,0,0,1,1,3,3,6,3,1,0,0,0,2,1,6050,1100,1100,3850,12,15,0,0
0,1,1,2,625.08,0,0,3,10,10,5,44200,-37000,0,2,0,0,1,4,5,2,0,1,2,3,2,87890,15980,7990,63920,2,19,1,0
0,0,0,2,1133.27,0,0,2,2,5,5,0,-56400,2,0,3,2,2,1,4,1,1,0,0,2,2,60500,11000,5500,44000,5,4,1,0
1,1,2,0,1366.6,0,0,4,6,11,2,0,0,0,0,0,1,1,1,1,2,2,0,2,1,1,88220,16040,16040,56140,3,13,0,1
0,2,2,1,1439.9,6000000,0,0,9,18,0,0,-48400,0,0,2,2,2,4,6,3,1,1,1,2,1,53680,9760,4880,39040,0,9,0,1
0,2,2,1,1230.69,0,1,5,13,9,1,0,-54600,0,2,0,1,1,5,6,1,0,1,0,2,1,53800,5380,5380,43040,0,11,0,0
1,2,0,2,1307.68,0,0,4,2,7,0,0,-48500,0,2,2,0,3,1,1,2,0,2,1,2,1,54360,4530,9060,40770,8,0,1,1
1,0,2,2,1124.69,0,0,5,5,3,0,0,0,1,2,3,0,3,6,0,0,0,2,0,3,2,54340,9880,4940,39520,12,6,0,1
1,2,0,1,1520.78,0,0,2,2,5,5,0,-42900,0,1,1,3,-1,4,1,3,0,0,0,2,2,2860,520,260,2080,3,2,1,1
1,2,0,2,1609.11,0,1,2,2,14,3,0,0,0,3,1,1,3,6,2,2,0,2,2,1,2,5490,0,1220,4270,10,4,0,1
0,0,2,1,1358.91,0,1,5,2,7,4,0,0,0,3,1,3,3,6,3,3,0,1,0,2,0,7370,670,1340,5360,11,2,0,0
1,2,2,0,1295.87,0,0,6,8,5,0,0,0,0,0,3,0,0,0,1,3,2,0,1,0,1,50800,5080,5080,40640,1,2,1,1
0,0,1,0,1161.03,5000000,1,0,0,18,1,45300,0,1,0,3,1,1,5,4,1,1,0,1,1,0,41520,5190,5190,31140,9,19,0,0
0,2,2,2,1441.06,0,0,5,1,12,0,53800,-78300,0,2,3,2,3,1,5,1,0,0,2,3,2,89650,8150,16300,65200,4,10,0,1
0,2,0,1,1097.99,0,0,3,7,0,4,44400,-71500,1,0,2,2,3,1,2,3,2,1,0,3,1,39690,0,0,39690,11,3,0,0
1,0,2,1,1464.42,0,0,2,3,9,0,79900,0,0,2,2,0,0,4,6,3,0,0,2,0,1,62260,5660,5660,50940,10,0,0,1
0,0,1,0,1543.68,0,0,5,9,13,1,20200,0,0,2,3,0,3,0,2,0,0,1,0,1,2,51920,9440,4720,37760,1,6,1,1
0,0,1,0,1390.89,5000000,1,1,1,3,5,0,-74400,1,2,0,1,2,1,5,1,0,0,2,2,0,53460,9720,4860,38880,13,14,0,0
0,2,0,2,1148.58,0,0,4,0,9,1,0,-71200,1,0,2,2,1,4,0,3,2,2,2,1,2,57100,5710,5710,45680,6,19,0,0
0,1,1,0,1616.26,0,1,2,3,19,4,50700,-57600,1,0,0,2,0,1,6,3,2,1,2,3,0,77440,14080,7040,56320,4,9,0,1
0,0,2,0,1398.94,0,1,1,2,3,0,0,0,0,2,3,1,0,1,5,2,0,1,1,2,1,68300,6830,13660,47810,11,8,0,0
1,2,2,1,1238.92,0,1,0,7,0,2,57800,-53700,1,1,1,3,-1,1,0,3,0,0,0,2,0,5060,460,920,3680,6,17,0,1
1,0,0,1,968.46,0,1,4,12,5,1,50800,-66200,0,0,3,2,0,6,1,3,2,0,0,2,0,59400,6600,13200,39600,4,0,1,1
1,0,0,0,1045.12,0,0,2,13,6,2,0,-28300,0,0,3,0,0,1,6,3,2,1,0,2,0,69930,0,15540,54390,5,18,1,1
1,1,0,1,1537.33,0,0,1,5,2,0,0,-74800,1,0,0,1,3,1,6,2,2,2,1,1,1,77700,7770,15540,54390,7,13,0,1
0,2,2,0,912.3,0,1,1,9,19,5,58500,-44000,0,0,0,0,2,4,3,1,2,1,2,1,0,68750,12500,12500,43750,1,12,1,0
1,2,0,2,1007.28,6000000,0,2,0,12,0,0,0,1,0,3,1,3,1,5,0,2,1,1,3,2,91080,16560,16560,57960,7,0,0,1
1,1,2,1,1189.98,4000000,0,2,2,9,2,0,-54700,1,2,3,1,2,6,1,1,0,1,1,3,2,48360,4030,8060,36270,1,5,0,1
1,2,1,1,1576.41,0,1,0,5,11,2,0,-55100,1,2,3,0,2,6,2,1,0,2,1,1,2,95000,9500,9500,76000,5,6,0,0
1,2,0,0,1172.82,4000000,1,0,6,19,2,82100,0,1,3,1,3,3,4,0,2,0,0,1,3,1,3900,780,390,2730,5,15,0,1
0,0,2,0,1312.22,9000000,1,2,13,6,2,0,-33300,1,0,0,1,2,0,5,0,2,0,0,3,1,59400,11880,5940,41580,7,15,1,0
0,2,2,1,671.01,7000000,0,0,6,4,2,42900,-61500,0,2,2,1,1,0,6,1,0,0,2,0,0,60210,6690,6690,46830,9,18,0,0
1,0,1,0,895.14,0,1,3,11,18,2,52600,-30400,0,2,0,1,0,4,1,3,0,0,0,3,2,43600,8720,4360,30520,11,15,0,1
0,1,0,2,1373.21,0,1,1,0,17,4,42700,-64900,1,0,0,2,3,4,4,2,2,1,0,0,1,62800,6280,12560,43960,7,17,0,0
0,2,1,1,1625.65,0,1,1,4,16,0,0,0,1,2,3,0,0,5,6,2,0,2,1,3,0,59500,11900,5950,41650,4,11,0,0
0,2,1,2,1295.63,4000000,0,6,1,16,1,42200,-33800,0,0,0,2,3,6,3,1,2,2,1,0,0,53460,5940,5940,41580,6,14,0,0
1,0,0,1,1459.96,6000000,0,2,0,15,5,41300,-42000,0,0,3,2,0,1,3,0,2,1,0,1,1,41690,7580,7580,26530,10,4,0,1
0,2,0,0,1219.94,7000000,0,5,9,13,5,0,-51000,1,2,3,1,0,1,0,0,0,0,0,1,2,63100,6310,12620,44170,0,5,0,0
0,2,2,0,1064.49,5000000,1,0,8,5,2,73500,-43300,1,2,0,2,0,6,0,1,0,1,2,1,0,62880,5240,10480,47160,8,12,1,0
0,0,0,1,959.83,0,0,5,11,13,1,0,-38700,1,0,3,0,1,1,3,1,2,0,2,2,2,75400,17400,11600,46400,2,11,1,0
0,2,1,2,1767.02,0,1,3,6,10,0,0,-49300,1,2,2,2,0,4,0,2,0,2,1,1,1,46200,4200,8400,33600,1,2,0,0
0,1,2,0,1285.01,0,1,5,6,17,1,0,-39800,1,2,2,0,0,5,2,1,0,1,2,2,2,58500,5850,5850,46800,12,15,0,0
0,2,2,2,1422.95,0,1,3,13,3,0,0,0,0,0,2,0,2,4,1,0,2,1,1,3,1,66240,11040,11040,44160,9,8,0,0
0,1,0,2,1223.39,0,0,4,2,4,5,0,0,0,0,2,2,0,3,2,0,2,0,1,3,0,65440,8180,8180,49080,7,19,0,0
0,0,2,2,1539.06,0,1,5,11,8,2,37800,0,0,2,0,1,1,4,2,3,0,1,0,3,0,64200,10700,10700,42800,5,7,0,0
1,1,0,2,988.06,0,0,5,7,7,1,0,0,1,0,2,1,0,6,3,3,2,2,1,0,1,32320,4040,4040,24240,4,5,0,1
1,0,2,1,1740.57,0,0,1,4,9,5,0,-18600,0,2,2,0,3,4,3,3,0,0,0,1,0,33480,3720,3720,26040,4,16,0,1
0,2,1,1,1540.91,7000000,1,1,0,14,5,40900,0,1,3,1,3,-1,5,3,3,0,1,1,1,2,4320,480,960,2880,12,0,0,1
1,0,1,0,1381.88,5000000,1,2,12,8,2,0,-77800,1,3,1,3,3,4,2,3,0,1,0,2,0,4200,840,420,2940,7,13,0,1
1,2,0,0,1446.98,0,1,4,0,17,3,0,-45700,1,0,0,1,0,1,0,2,2,2,2,0,1,57970,10540,5270,42160,10,11,0,1
1,1,2,0,1220.86,0,1,3,7,13,0,55400,-40400,0,1,1,3,-1,1,0,3,0,2,1,2,0,4320,0,960,3360,10,8,0,1
0,0,2,0,948.1,0,0,2,6,15,5,44500,-61400,0,0,0,1,1,4,1,2,2,0,0,2,0,69300,13860,6930,48510,5,15,0,0
1,2,0,0,1471.24,0,0,5,4,4,3,57500,-93600,0,0,3,1,3,0,5,3,2,1,2,2,1,32480,4060,4060,24360,4,2,0,1
0,1,0,2,1157.97,0,1,4,6,10,1,0,-64500,1,2,0,2,3,1,2,1,0,0,2,2,2,60480,6720,6720,47040,0,6,0,0
0,0,1,2,566.11,5000000,1,0,1,14,4,0,0,0,1,1,3,3,0,6,1,0,2,0,0,1,2640,440,440,1760,6,20,0,1
1,2,2,0,1060.88,0,1,3,7,16,2,0,-66500,1,1,1,3,3,4,3,3,0,1,0,3,1,6050,550,1100,4400,13,14,0,1
0,2,1,1,1524.45,4000000,1,2,5,5,5,0,-44800,1,0,2,2,0,0,2,1,3,1,0,0,1,42700,4270,4270,34160,10,0,1,0
0,1,1,1,1556.17,0,1,1,9,15,5,63900,-53300,1,2,0,0,0,4,2,1,0,2,1,3,1,40260,3660,7320,29280,0,1,1,0
0,2,2,0,1216.24,0,1,5,8,14,5,26700,-47200,0,2,2,0,1,1,1,2,0,1,2,0,0,50000,5000,10000,35000,3,13,0,0
1,1,1,0,1484.72,5000000,0,2,12,9,0,0,0,1,1,1,3,-1,1,5,3,0,1,0,1,1,3840,640,320,2880,10,3,0,0
0,0,1,0,1203.81,0,1,3,13,18,1,52500,-51300,1,0,2,1,3,6,6,0,2,0,0,2,0,95900,13700,20550,61650,10,4,0,0
0,1,1,1,1393.34,0,1,2,3,3,2,0,-61400,0,0,3,1,0,6,3,1,2,2,1,3,2,56160,6240,12480,37440,1,7,0,0
0,2,0,1,1484.48,0,1,6,1,17,1,50700,-36300,1,2,3,0,3,4,5,2,0,1,2,3,0,63030,5730,11460,45840,10,1,0,1
0,0,1,0,1581.27,5000000,0,6,5,16,3,42200,-48000,0,2,0,1,3,1,5,2,0,2,2,2,1,63470,5770,11540,46160,2,4,0,0
0,0,1,1,1281.25,0,0,2,12,12,2,0,-53100,1,2,0,0,3,6,1,2,0,0,0,2,1,44440,8080,4040,32320,2,12,1,0
1,1,1,0,1667.83,0,1,3,9,13,0,48500,-67400,1,1,1,1,3,6,4,3,0,2,1,1,1,6600,1200,1200,4200,7,10,0,1
0,2,1,1,1497.41,0,1,6,6,11,0,14100,-44500,0,0,3,1,0,6,4,0,2,1,2,0,2,77200,9650,9650,57900,5,1,0,1
1,2,0,0,803.36,0,0,2,10,15,0,0,0,1,0,2,2,2,6,6,0,2,0,0,0,2,57000,0,11400,45600,1,18,0,1
0,2,1,2,1221.41,0,0,5,4,12,5,46700,-72500,1,3,1,3,3,6,5,2,0,1,2,1,1,2700,300,300,2100,6,11,0,0
0,2,1,0,1865.83,5000000,1,1,13,11,4,32800,-50600,1,2,2,2,3,6,2,0,0,0,2,1,2,47300,4300,8600,34400,13,11,0,1
0,2,1,2,1434.27,0,0,0,12,17,4,0,-35900,0,2,2,0,2,5,0,0,0,0,2,3,0,55110,5010,10020,40080,9,7,0,1
1,1,2,0,1114.68,0,0,0,7,15,0,44500,-55900,0,3,1,3,3,4,6,3,0,2,1,0,1,4320,480,480,3360,8,7,0,1
0,2,1,2,1218.56,0,0,5,13,18,0,39300,-60300,2,0,0,2,3,5,0,1,2,2,2,2,0,68760,11460,5730,51570,10,3,1,0
1,0,1,2,1234.69,9000000,0,4,12,13,0,0,0,1,0,0,0,2,6,0,3,1,1,2,1,0,74400,14880,7440,52080,2,8,1,1
1,2,1,0,964.92,0,0,0,3,0,2,45700,0,1,0,2,0,1,1,2,0,3,1,2,1,1,35300,3530,3530,28240,8,1,1,1
0,0,2,0,1351.72,0,1,2,12,4,5,0,-49400,1,1,1,1,-1,1,6,3,0,2,1,3,0,2640,480,480,1680,13,5,0,0
0,0,1,1,817.28,0,1,2,11,6,4,62200,0,0,0,2,2,0,4,1,0,2,0,1,1,1,60190,4630,9260,46300,8,19,1,0
0,0,2,1,1389.59,0,0,5,6,8,3,0,-42600,1,0,2,0,1,1,3,1,2,2,1,3,1,41580,3780,7560,30240,3,20,1,1
0,1,1,1,1353.53,0,0,3,12,6,4,54700,-47900,0,2,3,1,0,1,1,0,0,2,0,0,1,58500,11700,0,46800,0,0,1,0
0,1,2,1,1294.04,0,0,5,5,12,1,0,0,0,2,2,1,1,4,5,0,0,2,2,3,2,79320,13220,6610,59490,9,2,0,0
1,2,0,1,840.81,0,0,2,4,5,0,0,0,1,2,2,1,0,1,0,3,0,2,0,2,0,82610,7510,7510,67590,5,7,1,1
0,2,0,2,998.19,0,0,4,8,18,0,43700,-66300,0,0,2,2,0,4,2,1,2,1,1,3,0,78600,13100,19650,45850,4,9,1,1
0,2,0,2,1090.32,0,1,1,5,5,0,0,-70400,0,2,0,1,0,4,1,0,0,1,1,2,0,51390,5710,5710,39970,13,12,1,0
0,1,2,0,1780.67,0,1,0,7,8,2,0,0,1,2,3,0,0,0,6,3,0,1,1,0,1,70200,7020,7020,56160,5,17,1,0
1,0,1,2,1681.01,0,1,3,10,0,3,0,-51100,1,1,1,1,-1,4,5,0,0,1,2,1,1,4900,490,1470,2940,7,20,0,1
0,2,1,1,1395.77,0,0,4,10,5,3,82600,-49500,1,0,3,0,2,3,2,0,2,0,1,3,1,66480,5540,11080,49860,10,17,1,0
1,2,2,2,1471.44,5000000,1,2,13,15,3,57500,0,0,2,2,0,1,0,5,2,0,1,2,1,1,50380,4580,9160,36640,3,12,1,1
0,0,2,0,1265.72,0,0,5,5,13,5,0,-59500,1,2,0,0,1,4,1,1,0,2,0,2,0,64350,9900,9900,44550,8,3,0,0
1,1,1,1,1274.7,5000000,1,1,9,10,2,47500,-58700,0,0,2,0,0,0,6,0,2,2,2,3,2,55400,5540,11080,38780,3,9,1,1
1,2,0,0,1330.39,0,1,4,9,1,5,0,0,0,2,0,2,2,1,1,3,0,1,2,2,2,49900,4990,9980,34930,4,3,0,1
1,2,2,0,1122.95,4000000,1,5,8,9,2,78000,0,1,0,3,1,0,6,4,3,2,1,0,3,2,74880,12480,12480,49920,0,5,0,1
0,2,1,2,1655.79,0,0,5,3,8,0,0,0,0,2,0,1,2,1,3,2,0,2,0,0,2,105820,16280,16280,73260,1,7,0,0
0,1,1,1,935.77,0,1,0,9,9,3,0,-36000,1,3,1,3,3,3,3,1,0,1,1,0,2,7150,1300,650,5200,13,8,0,0
0,1,2,2,1192.04,0,1,0,2,7,3,66100,-31400,0,2,0,2,0,4,4,1,0,2,0,0,1,55800,11160,11160,33480,4,9,0,0
1,2,0,0,990.11,0,1,5,11,11,2,0,-41200,0,1,1,3,-1,1,5,2,0,0,1,3,2,5830,1060,1060,3710,4,20,0,1
0,2,0,2,1422.21,0,0,0,5,14,4,0,-46400,0,2,3,0,0,6,5,1,0,2,2,1,1,85900,17180,17180,51540,11,10,1,0
1,2,2,0,914.85,0,1,0,9,0,2,72100,0,1,1,1,1,3,2,1,3,0,1,2,3,1,7110,790,1580,4740,0,10,0,1
0,0,1,0,1123.84,0,1,6,9,11,2,48200,0,0,0,3,2,1,6,1,0,2,1,0,0,2,36960,6720,3360,26880,3,12,0,0
0,2,1,2,838.02,0,0,1,12,12,3,0,0,1,0,2,1,3,5,4,2,2,0,2,0,2,64400,6440,6440,51520,4,2,0,0
0,2,1,0,1300.68,0,1,6,0,17,4,49000,0,0,1,1,1,-1,0,3,3,0,1,1,3,2,1920,480,0,1440,3,16,0,0
1,1,2,0,1173.21,0,1,3,4,14,1,0,0,1,2,2,0,3,4,3,0,0,2,0,1,2,86130,15660,7830,62640,11,14,1,1
1,0,1,1,985.97,5000000,0,1,10,6,2,0,0,1,2,3,0,1,5,4,0,0,0,2,3,0,82170,14940,7470,59760,3,0,1,1
0,1,0,1,1129.23,0,0,1,4,4,3,17300,-60400,1,2,0,0,1,6,2,3,0,0,1,0,2,50300,10060,5030,35210,11,4,1,0
1,1,1,0,1194.83,0,0,4,9,4,0,28600,0,0,2,3,0,3,4,5,1,0,1,0,0,1,44200,4420,8840,30940,11,2,0,1
0,1,0,1,1114.29,0,0,2,13,14,2,51300,0,0,2,3,0,0,5,4,3,0,0,2,2,2,66660,6060,6060,54540,12,11,0,0
1,2,1,2,1509.04,0,0,0,9,3,0,10000,0,1,2,0,2,0,4,5,2,0,2,2,3,1,78320,7120,14240,56960,10,12,0,1
1,1,1,0,664.86,0,0,6,2,16,5,0,-60000,1,2,2,2,1,6,1,3,0,0,0,1,1,105040,16160,16160,72720,4,4,0,1
0,1,1,1,1267.4,6000000,1,3,0,1,0,0,0,1,2,3,1,1,1,2,3,0,1,2,1,0,50700,5070,5070,40560,0,11,0,0
0,0,0,1,1119.23,0,0,4,3,8,4,51500,0,1,0,0,2,1,6,3,0,2,1,1,1,1,51210,11380,5690,34140,7,20,0,0
0,2,0,0,1698.51,0,1,3,7,7,4,0,0,1,0,2,2,1,4,2,1,2,1,2,1,0,51840,8640,8640,34560,13,6,0,0
1,0,2,1,1422.78,0,0,2,3,8,0,61600,0,0,0,0,2,0,0,5,0,2,0,2,3,2,52800,5280,5280,42240,9,11,0,1
0,2,2,0,1212.75,0,0,1,9,11,3,0,-51400,0,2,0,1,1,6,6,2,0,0,0,0,2,55200,9200,13800,32200,6,3,0,0
1,1,0,1,1423.34,0,1,0,11,4,1,55300,-37900,0,3,1,1,-1,6,5,3,0,2,0,3,1,9100,1400,1400,6300,3,8,0,0
0,1,1,1,976.37,0,0,4,2,15,0,0,-61000,1,0,2,1,2,6,5,0,2,0,1,3,0,67600,13520,6760,47320,11,12,0,0
1,2,1,0,1124.59,6000000,1,1,0,9,1,67300,0,1,2,2,1,2,0,1,3,0,1,1,2,1,40800,6800,6800,27200,2,9,0,1
0,1,1,1,1569.33,0,1,6,6,2,1,79600,0,0,0,3,0,2,6,6,3,2,1,2,1,2,84500,13000,13000,58500,13,16,1,0
0,1,2,0,1359.36,5000000,1,6,3,10,0,0,-43600,1,0,0,0,2,4,0,2,2,2,2,2,2,71610,13020,6510,52080,12,17,1,1
0,1,1,0,1607.36,0,1,4,11,19,3,0,0,0,0,2,0,2,4,0,1,3,0,0,2,1,60600,6060,12120,42420,4,12,1,0
0,0,0,0,1042.25,0,1,5,3,15,4,0,-44400,1,0,2,0,1,0,5,3,2,1,2,3,1,81240,6770,20310,54160,8,13,1,0
0,2,1,0,1453.95,0,0,6,1,3,1,38200,0,0,0,3,2,1,6,6,0,2,2,0,3,1,29300,2930,5860,20510,1,15,0,0
1,0,2,0,1969.63,0,0,4,11,16,3,0,0,1,0,3,2,1,6,3,1,2,1,1,1,2,76450,6950,13900,55600,4,0,0,1
0,0,0,1,1156.19,0,0,1,6,6,0,49900,-62700,1,0,3,0,1,1,4,1,2,2,0,3,0,49400,9880,4940,34580,7,15,0,0
0,0,0,2,1124.47,0,0,4,12,11,5,0,-45100,1,2,3,2,0,4,4,3,0,1,0,1,0,90530,16460,16460,57610,5,8,0,0
1,2,2,0,1493.5,5000000,0,0,8,12,1,39900,-44000,0,3,1,1,3,6,4,2,0,1,2,1,1,8030,1460,730,5840,8,0,0,1
0,0,0,0,1155.38,0,0,6,5,12,1,34200,-32300,0,2,3,1,1,1,1,2,0,1,0,0,2,63900,6390,6390,51120,0,6,0,0
0,0,1,0,878.19,0,1,6,6,9,4,57100,0,2,0,2,1,1,0,3,3,3,2,0,2,1,38640,4830,4830,28980,3,2,0,0
0,1,0,2,1145.85,0,1,3,11,12,1,0,-40000,0,0,2,2,2,1,1,1,2,0,1,1,2,41490,9220,4610,27660,8,9,0,0
1,1,0,0,1261.28,0,0,4,10,10,4,68500,-42100,1,0,3,1,1,5,6,1,2,2,2,0,0,79090,14380,7190,57520,9,17,0,1
1,0,0,0,1427.46,0,1,2,6,6,5,0,0,0,0,3,0,3,6,6,3,2,0,0,0,0,87900,17580,8790,61530,4,0,0,1
1,0,2,0,1592.41,0,1,5,9,19,0,58900,-29100,1,2,2,2,0,6,1,1,0,0,2,3,2,53400,5340,5340,42720,7,1,0,1
0,2,1,1,1274.63,0,1,1,6,1,4,51000,0,1,2,2,2,1,4,6,1,0,2,2,3,1,52030,9460,9460,33110,0,0,0,1
0,1,1,0,1362.31,0,1,2,9,3,5,67600,-65300,0,2,0,1,0,5,0,0,0,1,0,2,1,82060,14920,7460,59680,10,10,0,0
1,2,1,1,919.37,0,0,0,10,10,1,83600,0,0,2,0,1,0,1,4,3,0,0,0,3,0,48360,8060,8060,32240,9,2,0,1
1,2,1,1,1377.23,0,0,5,1,11,4,72600,0,2,0,3,1,2,1,2,3,2,0,2,1,0,52290,5810,11620,34860,9,2,0,1
0,0,0,1,995.55,5000000,1,1,10,13,5,51500,-52100,1,0,2,0,3,4,0,1,2,2,0,3,0,68200,12400,12400,43400,7,12,1,0
0,0,0,0,1508.12,6000000,1,6,2,1,5,0,0,0,0,2,0,2,1,1,3,2,0,2,1,1,60750,13500,6750,40500,7,20,1,0
1,1,2,0,484.67,0,0,1,0,13,5,21100,-60800,0,0,0,0,1,4,0,3,2,0,0,2,2,65560,11920,11920,41720,13,20,1,1
0,1,2,1,1561.41,0,0,2,5,1,0,21200,0,0,0,2,1,3,1,0,3,2,2,1,3,1,70290,12780,12780,44730,8,17,0,0
0,2,0,0,1457.21,0,0,3,0,10,3,46300,0,0,2,2,2,0,4,1,2,0,0,2,0,2,45000,5000,5000,35000,11,8,0,0
0,0,2,1,1128.71,0,0,3,9,17,2,0,-47100,1,0,2,2,1,5,5,1,2,2,2,1,0,61800,12360,6180,43260,11,12,0,0
0,0,0,0,1358.2,0,0,4,13,12,0,52900,0,1,0,0,0,0,1,1,2,2,2,0,0,1,64570,5870,11740,46960,7,6,0,0
0,0,0,1,1232.79,0,0,2,0,15,4,49900,-62100,0,2,2,1,2,5,6,3,0,2,2,0,2,70500,7050,14100,49350,11,12,0,0
0,0,0,1,936.19,0,1,3,1,12,2,70600,-48500,1,0,3,2,3,4,4,3,2,0,2,1,2,57900,17370,5790,34740,1,10,0,1
0,0,1,0,1302.34,0,0,3,9,18,3,0,-52600,0,0,0,1,1,6,4,3,2,1,1,0,1,57860,5260,10520,42080,13,16,0,0
0,1,0,0,1264.99,0,1,6,13,14,0,67800,0,0,2,3,1,1,5,4,1,0,0,1,1,1,37800,8400,4200,25200,3,0,0,0
0,2,2,0,1467.76,0,0,4,12,10,3,38700,-33100,1,2,0,2,0,1,3,2,0,0,1,3,2,63300,6330,6330,50640,12,5,0,0
1,1,1,2,1124.43,0,0,1,4,13,3,0,0,0,0,2,2,0,6,4,0,2,2,0,1,2,44200,8840,4420,30940,10,0,0,1
1,0,1,1,1319.81,0,1,2,6,19,0,67200,-59400,0,0,3,1,3,6,0,0,3,1,1,0,2,31680,3520,3520,24640,12,11,0,1
1,1,0,2,1482.53,0,0,4,12,11,1,49100,-45100,0,1,1,3,3,6,4,3,0,2,1,2,0,100,10,20,70,1,7,0,1
0,1,0,1,1328.18,0,0,2,10,3,2,53000,0,1,2,0,1,1,6,1,1,0,1,2,1,1,56340,6260,6260,43820,13,8,0,0
0,1,0,0,1463.95,0,0,3,11,16,3,0,0,1,0,2,2,3,0,6,1,2,0,0,0,2,69740,6340,6340,57060,4,8,0,0
0,0,0,2,1133.85,0,1,6,8,8,1,60200,0,0,0,0,2,3,6,6,3,2,2,2,2,2,60480,5040,15120,40320,13,8,0,1
0,1,2,1,1037.32,0,0,2,12,16,5,0,-15700,0,0,2,1,3,0,2,3,2,0,2,1,1,80880,6740,13480,60660,9,10,0,0
0,1,1,1,1562.8,0,0,5,5,7,1,42800,-68200,0,2,0,2,1,6,2,2,0,0,1,2,2,49390,8980,4490,35920,11,14,0,0
1,1,0,1,1425.79,0,0,4,1,18,2,62400,-52300,0,2,0,1,0,0,5,0,0,1,0,3,0,69360,11560,11560,46240,4,14,0,1
0,2,2,2,1615.14,0,0,0,12,2,2,67100,0,0,3,1,1,-1,1,6,2,0,1,0,1,0,3740,680,680,2380,3,16,0,0
1,0,1,0,1236.5,0,1,6,7,3,0,0,-48700,1,1,1,3,-1,1,2,3,0,1,0,1,1,5060,460,920,3680,9,8,0,1
0,0,2,2,1017.97,0,0,4,6,5,5,59900,-34800,1,0,0,2,3,6,1,1,2,1,0,0,2,35860,3260,6520,26080,2,10,1,0
0,1,0,2,1306.0,0,1,0,6,6,0,46100,-46900,1,0,0,0,0,1,1,3,2,2,2,1,0,50050,7700,3850,38500,5,13,1,0
1,0,2,2,1174.14,0,1,1,8,7,4,50400,-61500,1,0,2,1,1,1,3,0,3,2,0,0,1,59070,10740,5370,42960,12,17,0,1
1,1,2,1,1231.01,0,1,1,0,2,0,0,-31700,1,0,0,1,1,4,5,1,2,1,1,2,0,28440,3160,3160,22120,4,12,0,1
1,0,1,0,1299.18,0,0,1,12,10,5,57100,0,0,2,0,0,1,2,6,2,0,2,2,1,2,45540,8280,8280,28980,6,3,1,1
1,1,0,0,1469.75,0,0,3,11,15,1,0,-57600,0,2,2,1,1,5,0,3,0,0,0,0,2,38700,7740,3870,27090,13,17,0,1
0,2,1,0,1390.72,0,1,5,12,13,2,83900,-52100,1,1,1,3,-1,4,4,2,0,2,2,1,2,5830,1060,530,4240,9,16,0,0
1,0,2,0,1694.09,7000000,0,0,9,6,0,0,0,0,2,2,2,2,1,3,3,0,2,0,2,0,57240,4770,9540,42930,2,0,1,1
0,2,0,2,1140.15,0,1,2,1,8,0,0,-36800,0,0,2,2,3,5,5,2,2,2,0,3,1,46200,4200,8400,33600,11,20,0,1
1,1,0,1,1310.71,0,0,5,4,11,5,29300,0,1,2,3,2,0,1,1,1,0,2,0,1,1,57700,5770,5770,46160,12,8,0,1
0,0,1,2,1730.49,7000000,1,1,13,10,1,46300,-41700,0,0,0,1,1,6,4,0,2,1,2,0,1,56160,4680,9360,42120,10,0,0,0
0,1,1,0,1616.65,7000000,1,4,0,12,4,0,-59500,0,0,3,2,1,6,1,3,2,0,0,3,2,44400,5550,5550,33300,7,4,0,0
0,1,0,0,1935.85,4000000,1,5,6,15,3,49500,-81100,0,2,2,0,0,1,2,2,0,0,2,3,0,92730,16860,8430,67440,8,9,1,0
1,2,1,1,855.14,0,0,6,2,13,1,37900,0,0,2,3,1,1,0,4,1,0,2,0,1,2,30700,3070,6140,21490,12,20,0,1
1,2,1,2,1568.47,4000000,0,2,1,19,4,46800,0,1,2,3,0,1,1,4,2,0,1,2,0,0,56600,11320,5660,39620,12,4,0,1
1,1,2,2,1550.53,0,0,4,1,7,3,0,-27700,1,1,1,3,-1,5,2,1,0,2,0,1,0,3960,660,660,2640,1,3,0,1
1,0,1,2,1370.92,0,1,1,13,18,4,48900,0,1,2,2,1,3,4,0,1,0,2,0,3,0,34800,3480,6960,24360,0,4,0,1
0,1,1,0,1363.59,0,0,3,1,11,1,43200,0,1,0,2,1,2,1,5,2,2,0,2,0,2,79500,7950,7950,63600,3,5,0,1
1,1,1,1,828.42,3000000,0,1,9,1,2,0,0,0,2,0,2,3,1,0,2,0,0,2,2,1,56000,5600,5600,44800,3,14,0,0
1,1,1,0,1209.63,0,0,5,6,5,1,64800,-44200,0,2,2,1,0,0,0,0,0,2,1,0,2,73260,16280,0,56980,13,19,1,1
0,2,1,2,1111.17,0,1,4,2,0,4,35000,0,1,1,1,3,-1,6,0,3,0,2,2,3,2,4950,900,450,3600,12,0,0,0
0,1,2,0,989.97,0,1,5,6,11,3,32500,0,0,2,2,1,0,6,2,2,0,1,0,1,1,48000,4800,9600,33600,10,18,0,0
0,1,1,1,1114.23,0,1,1,9,7,5,0,0,0,2,3,0,1,4,0,3,0,2,0,1,2,52200,10440,5220,36540,9,10,0,1
0,1,1,2,1347.31,0,0,3,10,7,4,80900,-111100,1,0,2,1,0,1,6,3,2,1,2,3,0,73800,12300,12300,49200,1,0,0,0
1,0,1,2,1687.53,0,0,3,10,0,2,0,-69600,0,2,3,2,1,0,3,2,0,0,1,2,1,78200,15640,7820,54740,1,14,0,1
1,1,1,1,1183.48,0,1,0,7,3,0,0,0,0,2,2,0,0,5,3,1,0,0,2,3,1,55200,13800,9200,32200,10,20,1,1
0,0,2,2,1537.13,0,0,6,5,11,3,0,-58300,0,0,3,2,2,1,3,3,2,1,0,2,2,57060,6340,6340,44380,5,17,0,0
1,2,1,1,1173.25,0,0,5,10,7,0,0,-34700,1,3,1,1,-1,6,0,3,0,1,0,3,2,4680,520,520,3640,3,18,0,1
0,1,1,1,1361.16,4000000,0,5,13,6,1,0,-63700,0,2,0,1,0,5,2,1,0,1,2,0,2,53100,5310,5310,42480,0,10,1,0
0,2,2,2,1422.56,7000000,0,4,9,18,0,26900,-55300,1,3,1,1,-1,6,6,2,0,0,1,2,1,3520,640,320,2560,0,18,0,0
1,0,2,2,1143.06,0,0,5,12,7,3,63100,-54100,0,0,0,2,0,5,5,3,2,1,0,1,2,72900,14580,14580,43740,9,15,0,1
0,1,1,0,1405.71,0,0,6,2,4,4,0,0,1,2,2,2,3,4,0,2,0,0,0,1,1,70700,7070,14140,49490,13,13,0,0
1,0,0,0,1354.2,0,0,1,0,3,5,100500,0,1,0,3,1,2,4,1,3,3,0,0,0,0,60170,5470,10940,43760,9,11,0,1
0,1,0,0,1055.6,0,1,2,3,13,0,69500,-40700,0,2,2,0,2,4,1,0,0,0,1,1,0,74800,13600,6800,54400,5,14,1,0
0,0,1,1,999.43,0,1,1,9,13,5,25800,0,0,3,1,3,3,6,3,3,0,2,2,0,0,4100,820,410,2870,3,14,0,0
0,1,1,2,1155.97,0,1,2,9,4,0,0,0,1,2,3,1,2,4,1,3,0,2,0,3,0,61490,5590,11180,44720,4,14,0,0
1,0,1,1,1726.91,0,1,2,7,1,3,0,0,0,3,1,3,-1,5,2,0,0,0,0,0,0,7200,720,1440,5040,1,4,0,1
1,1,2,0,1232.57,0,0,6,6,14,1,59500,0,1,0,3,1,1,1,0,2,2,0,0,0,0,45100,8200,4100,32800,9,16,0,0
0,2,1,0,1078.65,0,1,3,2,4,1,36800,0,0,2,0,1,3,6,3,0,0,0,2,3,2,66660,12120,6060,48480,6,11,0,0
0,2,2,1,1324.78,0,0,6,9,1,1,0,-64500,0,2,0,0,3,0,4,2,0,1,2,2,2,76400,15280,7640,53480,13,2,1,0
0,1,1,0,1518.54,0,0,4,2,11,1,0,0,0,2,2,2,0,3,5,2,0,2,1,1,1,58300,10600,10600,37100,5,6,0,1
0,0,0,2,1239.06,0,0,3,13,16,0,34900,0,0,2,0,2,3,4,5,1,0,0,1,1,0,57310,5210,10420,41680,13,7,0,0
1,2,2,2,1246.68,0,0,6,8,12,3,0,0,0,2,0,1,1,1,0,2,0,0,0,1,0,53100,5900,5900,41300,11,11,0,1
1,2,1,1,1622.67,0,0,4,8,13,0,0,0,1,0,3,2,0,6,5,2,2,1,1,1,0,74700,14940,7470,52290,11,2,0,1
1,2,1,0,1082.36,0,0,0,9,9,3,0,0,0,0,2,0,1,4,5,0,2,1,2,2,1,60500,12100,6050,42350,1,0,0,1
1,2,1,1,1270.55,0,1,5,10,5,4,0,-72100,0,0,3,2,2,0,5,2,2,2,2,3,1,84920,7720,15440,61760,7,11,1,1
0,0,2,1,1236.32,5000000,0,4,0,10,3,55100,0,0,2,3,2,3,3,4,3,0,1,2,0,1,61050,5550,11100,44400,4,14,0,1
1,0,1,2,785.82,0,1,3,3,12,2,49700,0,0,0,2,0,3,1,2,0,2,2,2,0,0,69080,12560,6280,50240,1,14,1,1
0,1,1,0,1265.84,0,0,3,9,13,3,52200,-44500,0,3,1,1,-1,5,0,2,0,2,1,3,2,4560,760,380,3420,9,12,0,0
1,1,1,0,1508.9,0,0,3,6,16,2,0,0,0,0,2,2,3,6,3,3,3,1,0,1,0,67800,11300,11300,45200,5,16,0,1
1,2,1,2,1106.84,0,1,6,7,15,5,43100,-31900,0,3,1,1,3,4,5,1,0,2,1,1,2,5600,1120,560,3920,11,10,0,1
0,1,2,2,1389.13,7000000,1,3,7,1,5,0,-53200,1,3,1,1,-1,0,4,2,0,0,0,2,0,9000,900,1800,6300,8,20,0,0
0,1,0,1,974.84,0,0,3,13,11,2,52100,0,1,2,2,2,3,5,3,3,0,1,0,1,2,85320,21330,7110,56880,9,11,0,0
1,0,0,2,1304.46,0,0,6,6,9,2,51700,-33300,0,3,1,3,-1,0,0,2,0,1,0,3,2,5940,540,1080,4320,1,6,1,1
1,2,1,0,1257.36,0,0,6,1,12,0,0,0,1,0,3,0,1,4,0,1,2,2,1,1,0,51370,9340,4670,37360,2,5,1,1
0,2,1,0,1257.04,0,1,0,10,15,3,0,-48800,2,2,2,0,3,4,4,3,0,1,2,2,2,51600,10320,5160,36120,4,16,0,0
0,2,0,2,719.52,0,0,2,4,9,3,45800,0,1,1,1,3,-1,4,0,2,0,1,0,3,0,5400,600,600,4200,3,3,0,0
0,2,2,2,1524.18,0,1,3,2,15,4,0,0,0,0,2,1,1,4,4,1,2,0,1,0,2,48870,5430,5430,38010,10,4,0,0
0,1,2,0,1395.58,0,0,3,12,15,0,0,0,1,3,1,1,3,6,6,2,0,1,2,1,0,5590,860,860,3870,2,5,0,0
0,0,2,1,1243.68,0,1,5,10,4,5,0,-71400,1,0,0,0,2,1,6,1,2,0,0,2,0,54960,6870,0,48090,12,7,1,0
0,2,2,1,1189.04,0,0,0,9,18,3,59600,0,0,0,3,1,3,5,4,3,2,1,1,3,0,39800,7960,3980,27860,7,19,0,0
0,1,2,2,1375.29,0,0,5,1,5,3,0,0,0,0,3,0,0,4,1,2,2,0,0,1,0,56160,6240,6240,43680,5,20,1,1
0,1,0,0,1389.13,0,1,0,8,9,1,63100,-79400,0,2,3,2,1,5,2,0,0,1,0,3,0,52700,5270,10540,36890,12,10,0,0
0,2,2,1,1387.51,0,0,0,11,0,1,0,0,0,0,3,1,1,1,5,1,2,2,1,3,0,68580,7620,7620,53340,7,15,0,0
0,1,0,1,1178.61,7000000,1,4,2,2,3,0,-54400,1,2,3,0,0,1,6,1,0,2,1,2,2,90860,12980,19470,58410,13,9,1,0
0,0,1,2,1166.62,6000000,1,0,8,3,5,0,0,1,1,1,3,3,0,3,1,0,1,0,3,1,5700,570,570,4560,10,6,0,0
1,1,0,1,1556.31,0,1,0,9,9,1,0,-75000,0,0,3,2,3,1,2,1,2,2,2,0,2,94930,8630,8630,77670,0,19,0,1
0,2,1,0,1452.27,0,1,4,4,18,1,75800,0,0,2,3,0,0,4,3,1,0,1,1,2,1,46800,4680,9360,32760,1,12,1,0
0,2,2,1,1212.07,0,0,4,3,14,5,66900,-51800,2,0,3,2,1,1,3,0,2,1,2,3,1,56320,7040,7040,42240,8,5,0,0
0,2,0,2,1578.54,0,1,0,5,5,0,0,-41400,0,2,0,1,1,6,2,1,0,1,1,3,2,83490,7590,15180,60720,9,1,0,0
0,1,2,0,1488.26,0,0,1,6,9,5,0,-63500,1,0,3,2,3,6,4,0,2,1,2,2,0,57900,5790,5790,46320,10,13,0,1
0,1,1,1,1096.39,0,1,2,1,11,3,0,0,0,0,2,2,1,4,6,2,2,0,1,3,2,49410,5490,5490,38430,1,20,0,0
0,2,2,2,1215.36,0,1,0,12,15,3,54400,0,0,0,3,1,1,6,3,1,2,0,0,1,1,66200,6620,6620,52960,11,17,0,0
0,2,0,2,1482.57,0,1,4,8,15,0,35000,0,1,2,0,1,1,1,1,2,0,1,0,1,1,64080,10680,10680,42720,12,10,0,0
0,2,1,1,954.18,0,0,1,12,7,2,0,0,1,0,3,1,2,4,4,0,2,0,2,3,2,42500,8500,4250,29750,9,5,0,0
1,0,2,2,1193.4,0,1,6,3,3,3,0,-40800,1,0,3,2,2,4,1,0,2,1,2,3,0,48950,8900,4450,35600,11,10,0,1
0,1,0,1,1023.11,0,0,4,0,9,3,0,-45300,1,0,2,1,2,1,3,0,2,1,1,2,2,58850,10700,10700,37450,0,4,0,0
0,0,2,1,1524.45,0,0,5,7,9,0,73200,0,1,0,3,1,2,1,4,0,2,2,0,2,2,82400,8240,8240,65920,9,11,0,0
0,2,2,1,1653.32,0,0,1,7,3,2,0,-48800,0,2,2,1,0,6,6,3,0,2,2,0,0,54240,6780,6780,40680,11,14,0,0
1,0,1,1,1022.46,0,0,0,1,18,2,52700,0,1,0,0,1,2,4,0,0,2,0,0,2,0,74200,7420,7420,59360,7,1,0,1
0,0,0,2,1396.43,0,0,0,8,0,4,21500,0,0,2,0,2,1,6,2,0,0,2,2,1,0,47430,5270,5270,36890,12,5,0,0
0,0,1,0,1521.55,0,0,0,8,14,2,61100,-64500,0,2,2,0,1,4,2,1,0,0,1,3,2,68200,13640,6820,47740,4,8,1,0
1,1,0,1,1034.27,0,0,3,1,8,0,0,0,1,2,0,1,1,1,2,1,0,1,1,0,1,63900,7100,7100,49700,0,19,0,1
0,2,0,1,1255.35,0,0,3,10,16,1,60300,-58900,1,0,2,2,0,1,5,1,1,1,0,3,2,59300,11860,5930,41510,4,13,0,0
0,0,2,2,1396.89,6000000,0,1,8,5,2,0,-61600,1,0,0,1,2,4,6,0,2,1,1,2,2,66900,6690,13380,46830,11,4,1,0
1,2,2,0,795.31,0,1,3,4,16,0,0,-51000,1,0,2,0,3,2,0,0,2,2,1,3,0,40810,3710,7420,29680,5,5,1,1
0,1,0,0,982.22,0,0,3,3,16,1,54500,-72100,1,2,0,2,1,1,5,1,0,0,1,0,0,75400,15080,7540,52780,6,16,0,0
1,1,2,0,1074.07,0,0,3,9,3,0,70900,-61100,0,1,1,1,-1,6,3,2,0,1,2,0,2,4200,420,840,2940,7,18,0,1
0,2,0,1,1311.3,0,0,0,6,5,5,38500,0,0,0,3,0,0,1,2,1,2,2,0,0,2,52650,5850,5850,40950,5,6,1,0
0,0,1,2,1277.12,0,0,6,1,11,3,0,-46000,0,2,2,0,0,6,2,1,0,0,0,2,2,42240,7680,7680,26880,3,12,0,0
0,1,2,0,1388.62,0,0,3,11,15,0,35200,0,0,2,3,1,2,0,5,2,0,2,1,0,2,59490,6610,6610,46270,8,0,0,0
0,0,0,1,1406.52,8000000,1,4,12,0,4,0,0,0,2,3,0,0,4,0,0,0,1,0,2,1,44200,4420,4420,35360,7,7,1,0
0,1,0,0,1558.29,0,0,5,10,15,4,0,-49300,1,3,1,3,3,6,6,3,0,2,1,2,0,7700,770,1540,5390,10,5,0,0
0,1,2,1,1132.47,4000000,1,4,8,8,2,46300,0,0,0,0,2,2,1,3,1,2,0,2,3,0,61440,10240,10240,40960,10,13,0,0
0,2,1,2,1896.91,0,0,6,5,17,1,73700,0,0,0,2,0,1,4,1,0,2,2,1,3,1,54400,5440,10880,38080,3,20,1,1
0,0,2,0,1143.46,4000000,1,4,8,14,2,0,0,1,2,0,2,2,0,0,3,0,2,2,1,0,58560,9760,9760,39040,8,7,0,0
1,1,2,0,1285.42,0,1,4,8,18,5,0,0,0,2,0,0,1,5,4,2,0,1,1,1,1,67300,6730,6730,53840,4,5,1,1
0,2,1,2,1305.26,0,1,4,4,16,5,66200,-49700,0,2,2,0,1,5,2,1,0,0,1,3,2,36740,3340,6680,26720,2,3,1,0
1,0,0,1,1073.83,0,0,2,6,7,1,0,0,1,2,2,2,3,1,4,0,0,0,0,0,1,85690,15580,15580,54530,2,16,0,1
1,2,2,1,1051.67,0,0,0,3,3,1,0,0,2,0,3,0,0,6,5,1,2,2,0,3,1,34160,0,4270,29890,1,10,1,1
0,0,1,1,1387.35,0,1,3,13,13,1,0,-72000,1,2,0,1,1,6,2,0,0,1,2,2,0,61320,10220,10220,40880,2,3,0,0
0,0,1,0,1083.64,0,1,3,7,13,0,59800,0,1,0,2,2,3,0,1,1,2,2,0,0,0,79680,13280,13280,53120,2,9,0,0
1,0,1,1,1851.78,0,0,2,2,8,2,78800,0,1,2,0,2,1,4,5,0,0,1,1,0,2,61740,6860,6860,48020,1,7,0,1
0,1,1,0,1270.29,4000000,1,1,1,8,0,24000,-50500,1,1,1,1,-1,5,0,3,0,1,0,0,1,6400,640,640,5120,6,7,0,0
0,2,2,0,1459.99,0,0,4,7,5,5,35900,0,0,2,2,0,1,4,4,2,0,2,1,2,2,60600,12120,6060,42420,0,16,0,0
0,0,0,2,1253.44,0,0,5,2,17,1,0,0,1,0,3,0,0,5,2,1,2,1,2,0,1,56320,10240,5120,40960,13,12,0,0
1,1,0,1,1142.48,0,0,3,8,17,2,0,0,0,2,3,2,0,0,3,1,0,2,2,0,1,52250,9500,4750,38000,11,17,0,1
0,0,2,1,1188.45,0,0,4,3,4,2,0,-44800,0,0,2,2,2,4,0,2,1,0,0,3,0,53900,5390,10780,37730,10,11,0,0
1,0,2,1,1125.4,0,1,5,0,19,0,40000,-43400,0,3,1,3,-1,6,1,2,0,0,2,1,1,2640,220,440,1980,7,6,0,0
1,2,1,0,1294.41,0,1,2,13,17,0,0,0,1,3,1,1,-1,0,0,2,0,2,0,0,0,8970,1380,1380,6210,4,16,0,1
1,1,0,0,1459.5,0,1,4,8,12,1,0,0,1,1,1,1,-1,1,6,2,0,0,1,3,0,6000,1000,1000,4000,11,5,0,1
0,0,0,0,1367.99,0,1,2,1,2,3,26500,0,1,0,0,0,1,6,3,1,2,0,0,3,0,55200,11040,5520,38640,10,3,1,1
0,1,1,0,1594.37,0,1,0,3,2,3,0,0,0,1,1,3,-1,4,5,0,0,1,0,3,2,7260,660,1320,5280,10,13,0,0
0,0,0,0,1035.99,0,0,3,3,17,3,0,0,0,0,0,1,3,1,6,3,2,1,2,0,0,64680,11760,11760,41160,7,15,0,1
0,2,1,0,911.53,0,0,6,11,1,0,53200,0,1,2,2,0,3,6,4,1,0,1,0,1,1,59200,0,11840,47360,3,3,0,0
1,2,2,0,1319.97,0,0,0,2,13,3,73700,0,0,3,1,1,-1,0,0,2,0,2,1,3,0,4700,470,940,3290,10,3,0,1
1,2,1,2,1391.63,0,1,0,11,18,0,61200,0,1,2,3,2,2,1,1,1,0,2,0,3,1,69400,6940,6940,55520,8,5,0,1
1,1,1,0,915.41,5000000,0,2,3,17,3,0,0,1,2,3,2,3,1,4,1,0,2,0,0,1,40500,4050,4050,32400,9,3,0,1
1,0,2,1,1468.82,0,1,3,5,16,2,56800,-51800,1,0,3,1,1,4,5,2,2,1,2,1,1,60000,5000,10000,45000,6,2,0,1
1,1,2,0,1412.76,0,1,6,1,1,5,66400,-63700,0,2,3,1,2,6,5,1,0,2,2,3,1,67320,11220,11220,44880,13,1,0,1
1,2,2,0,1588.26,0,0,2,12,12,0,56700,-49300,0,0,3,2,2,5,5,1,2,2,2,1,2,75690,8410,8410,58870,10,19,0,1
1,1,0,1,1140.91,0,1,0,0,13,2,51300,0,1,0,3,0,1,5,3,0,2,1,1,2,0,64300,6430,6430,51440,3,7,1,1
0,2,0,1,1517.54,0,1,3,8,4,3,0,-20900,0,0,2,0,3,4,1,0,2,1,2,0,2,64400,6440,6440,51520,2,16,0,0
0,2,1,2,912.29,0,0,2,8,13,0,42900,-39100,0,0,0,1,1,6,3,0,2,0,1,2,0,97080,16180,16180,64720,10,10,0,0
0,2,1,2,1144.3,0,1,4,8,0,1,52600,0,1,3,1,1,3,6,4,3,0,2,1,0,0,5500,500,500,4500,6,15,0,0
0,1,2,1,1281.43,0,0,5,13,16,1,65100,-50300,0,0,2,2,2,4,3,2,2,0,0,2,1,30700,3070,6140,21490,7,15,0,0
0,0,0,2,1101.85,0,0,1,11,7,5,46100,0,1,2,3,1,3,3,6,2,0,1,1,2,2,33480,3720,3720,26040,9,17,0,0
1,1,2,2,1082.1,0,1,3,3,11,2,0,-30900,1,0,0,2,3,6,3,0,1,0,0,1,2,65430,14540,7270,43620,7,6,0,1
0,2,2,0,1185.44,0,1,5,3,11,1,44900,-52500,0,0,2,0,3,0,3,0,2,2,2,1,2,42680,3880,7760,31040,0,11,1,1
0,0,2,2,1175.07,0,1,4,2,12,1,30100,0,0,2,3,1,1,6,6,1,0,0,1,1,1,87780,7980,7980,71820,6,16,0,0
0,2,2,2,979.26,0,0,3,13,6,3,0,-67000,2,0,0,0,1,1,5,3,3,2,0,2,2,72800,14560,14560,43680,6,3,0,1
0,2,1,0,920.81,0,0,2,11,5,5,0,0,1,2,2,0,1,4,2,0,0,2,2,0,0,71190,0,7910,63280,8,2,1,0
0,2,0,0,922.85,0,1,2,0,9,0,70300,-70900,1,3,1,3,-1,1,2,2,0,0,1,1,2,3600,400,400,2800,6,4,0,0
0,2,1,2,1107.59,3000000,1,6,12,5,1,65400,0,0,2,3,0,2,1,1,1,0,1,1,3,1,62640,10440,10440,41760,8,14,0,0
0,0,0,0,1272.46,0,1,1,9,8,5,0,0,1,0,0,1,0,1,4,2,2,2,2,1,0,69630,12660,6330,50640,12,3,0,1
1,0,1,1,1340.24,0,1,2,10,5,3,0,-68800,1,0,2,1,3,1,2,2,2,2,1,0,0,76010,13820,6910,55280,4,0,1,0
0,2,0,1,1648.0,0,1,3,13,0,1,57700,-43500,1,2,2,2,2,6,4,0,0,1,1,0,2,44220,8040,4020,32160,0,5,0,0
0,0,1,0,1381.14,0,0,1,7,4,5,0,0,1,0,2,1,2,1,4,2,2,1,0,3,1,57200,5200,10400,41600,2,16,0,1
1,0,2,0,1198.44,8000000,1,4,8,14,5,0,0,0,3,1,1,3,6,1,2,0,1,0,3,1,3080,560,560,1960,9,3,0,1
1,2,1,2,951.27,0,0,6,7,10,1,42100,0,0,2,2,2,2,4,2,3,0,2,1,0,2,75790,13780,6890,55120,0,12,0,1
1,1,2,2,1341.24,0,0,4,4,16,5,37100,-46500,0,0,2,1,0,6,5,1,2,1,0,1,1,32670,5940,2970,23760,6,8,0,1
0,0,1,2,1177.57,0,0,0,0,18,0,0,-65500,0,3,1,1,3,5,0,3,0,0,2,3,1,3870,430,860,2580,7,15,0,0
0,1,1,1,1055.09,0,0,5,13,18,3,0,0,0,2,0,2,1,1,1,0,0,0,0,3,2,91520,8320,16640,66560,2,10,1,0
1,0,1,0,1479.48,0,1,5,9,3,4,0,0,0,2,0,0,2,1,4,0,0,2,1,3,2,74690,6790,13580,54320,4,13,1,1
1,1,2,2,1827.38,0,1,0,8,14,2,0,-15900,0,3,1,3,3,5,6,2,0,2,1,3,0,4620,420,840,3360,1,3,0,1
1,1,0,0,1169.62,0,0,3,11,19,1,0,0,1,2,3,0,3,4,0,2,0,2,0,0,1,55000,10000,10000,35000,12,13,1,1
0,1,0,0,1516.34,0,0,3,0,17,4,11000,0,0,0,2,0,3,4,6,2,3,2,0,2,1,59400,13200,6600,39600,10,1,1,0
1,2,2,2,1270.21,0,0,1,11,17,0,16100,-61200,0,0,3,2,1,3,1,0,2,1,1,1,0,55260,6140,0,49120,9,5,0,1
0,0,1,0,809.11,0,1,3,2,14,2,33200,0,0,0,3,1,2,0,6,3,2,0,2,1,2,51400,5140,10280,35980,6,1,0,0
0,0,2,1,1115.81,0,0,5,6,15,0,0,-59800,1,0,3,1,0,1,1,1,2,2,1,3,0,48780,5420,10840,32520,4,13,0,1
1,2,0,1,1457.65,5000000,0,1,1,4,3,0,0,1,0,2,0,0,5,5,3,2,1,1,3,0,52380,5820,5820,40740,12,15,0,1
1,2,0,1,1041.36,0,0,3,8,6,0,53100,-43900,0,0,3,2,2,6,2,1,3,0,2,3,2,74360,13520,13520,47320,12,10,1,1
0,2,1,1,1693.83,7000000,1,2,10,14,2,44000,-20800,0,2,0,1,3,1,4,2,0,0,1,0,0,53400,5340,5340,42720,6,8,0,0
0,1,0,1,1685.69,0,0,2,10,10,5,31400,0,1,2,0,2,3,5,2,1,0,0,2,2,2,71800,14360,14360,43080,7,0,0,0
1,1,1,0,1054.92,6000000,0,6,9,8,3,51900,0,0,2,0,0,2,1,4,3,0,0,0,0,0,68240,8530,0,59710,12,18,1,1
0,1,1,2,1333.97,6000000,0,4,7,3,4,61100,-30700,0,0,2,0,2,4,0,1,2,0,1,0,0,61050,11100,11100,38850,4,16,1,0
0,2,0,1,1013.61,6000000,0,0,2,12,3,45700,-41400,0,1,1,1,-1,1,6,2,0,0,1,1,2,5590,860,860,3870,11,7,0,0
0,0,2,0,958.3,0,0,6,6,8,0,47900,0,0,0,3,0,1,1,1,1,2,0,0,0,0,46860,8520,8520,29820,13,3,0,0
1,1,1,2,1112.04,6000000,0,6,7,0,3,52800,-54300,0,1,1,1,-1,4,0,3,0,1,1,3,1,4290,780,780,2730,13,3,0,1
0,1,1,2,1206.26,0,0,0,1,3,3,69900,0,0,0,0,1,3,0,0,1,2,2,0,0,1,78500,15700,7850,54950,1,20,0,0
0,0,2,1,763.67,0,1,0,9,12,3,12800,-49700,1,2,3,2,3,4,4,0,0,2,1,3,2,70830,7870,7870,55090,7,10,0,0
0,0,1,0,1042.56,0,1,2,5,19,3,0,-66100,0,0,0,2,3,4,6,1,2,1,0,2,1,68040,15120,7560,45360,11,2,0,0
1,0,0,2,1263.48,4000000,0,3,7,10,5,46800,-87300,1,2,3,0,1,6,2,2,0,0,2,0,0,63600,5300,10600,47700,1,2,1,1
0,0,1,0,1006.99,6000000,0,5,11,2,3,0,0,1,2,3,1,2,6,1,2,0,1,0,3,0,43560,4840,4840,33880,11,20,0,0
1,2,1,1,1328.26,0,1,5,11,8,1,42300,-45800,0,2,0,2,3,6,2,0,0,1,1,1,1,60840,13520,6760,40560,11,16,0,1
0,2,0,1,1250.08,5000000,0,6,12,3,5,0,-57700,1,0,3,2,3,6,0,3,2,0,2,3,2,68160,11360,11360,45440,5,15,0,0
1,0,2,0,982.7,6000000,0,1,13,18,4,30800,-43700,0,1,1,1,-1,4,0,2,0,1,1,0,1,5170,940,470,3760,12,6,0,1
0,1,2,1,1412.06,5000000,0,5,10,15,1,60100,0,0,2,3,2,0,0,5,1,0,0,0,3,0,57700,5770,5770,46160,9,5,0,0
0,1,2,2,1066.7,0,0,3,5,17,3,0,0,0,0,0,2,2,5,3,1,2,1,0,2,1,89520,14920,14920,59680,1,19,0,0
0,1,1,2,1585.54,0,1,2,10,15,1,42600,-44400,1,3,1,1,-1,6,2,3,0,1,1,0,2,4620,420,840,3360,13,17,0,0
0,1,1,1,1416.08,0,0,3,2,19,2,0,-36600,0,2,2,1,0,6,4,0,0,2,0,3,0,45180,5020,5020,35140,6,9,0,0
0,2,1,0,1246.03,0,1,3,2,12,4,61900,-50000,0,2,3,2,2,1,5,0,0,2,0,0,1,45100,9020,4510,31570,9,18,0,0
1,1,2,2,1356.64,0,1,5,6,9,1,67800,-48600,1,0,3,2,3,4,6,1,2,2,0,3,2,83160,15120,15120,52920,12,8,0,1
0,0,0,2,1387.7,4000000,0,2,8,16,2,0,0,0,2,2,1,3,6,1,1,0,1,2,1,1,86130,15660,15660,54810,3,0,0,0
1,2,0,1,1004.14,0,1,5,8,17,5,35400,0,1,0,0,0,1,0,2,0,2,1,1,3,1,48000,9600,4800,33600,4,0,0,1
1,2,2,0,1107.07,0,0,2,10,12,0,0,-45300,1,3,1,1,3,5,2,1,0,1,0,0,2,3300,600,600,2100,10,13,0,1
1,0,0,0,1429.96,0,0,3,10,2,0,67800,0,0,0,2,1,0,1,3,2,2,1,1,2,2,57200,11440,5720,40040,12,10,0,0
1,1,1,1,1074.99,0,0,0,0,3,0,0,-48800,0,3,1,3,3,5,1,0,0,0,2,0,0,7590,1380,690,5520,0,17,0,1
0,2,2,1,1007.0,0,0,6,13,2,4,30400,-89400,0,2,2,2,3,5,0,2,0,1,0,2,0,80080,12320,12320,55440,3,18,0,1
1,2,0,0,1052.85,0,0,4,10,16,2,0,-70100,1,3,1,1,3,6,5,2,0,1,0,0,2,4800,960,480,3360,2,11,0,1
0,1,2,1,1200.33,4000000,0,2,2,6,3,0,-36400,1,3,1,1,3,6,6,2,0,0,2,1,2,3900,390,780,2730,13,13,1,1
1,0,0,1,1343.0,0,1,5,5,4,2,64600,0,0,2,0,1,2,4,0,0,0,0,0,0,1,90400,9040,9040,72320,2,0,0,1
1,2,1,2,1441.6,5000000,0,4,11,11,3,0,0,0,0,2,1,2,0,1,1,2,2,0,0,0,62900,6290,12580,44030,7,3,0,1
1,2,0,1,1433.42,6000000,0,0,10,0,3,53800,0,0,2,2,0,3,0,0,3,0,2,1,2,1,54200,5420,10840,37940,9,19,1,1
0,2,2,2,1368.57,0,0,4,12,13,2,0,0,0,0,3,0,3,1,3,1,2,1,2,2,2,51800,5180,10360,36260,0,8,0,0
0,2,1,0,862.19,0,1,2,0,12,4,69400,0,1,3,1,3,3,4,3,2,0,0,2,3,0,6600,600,1200,4800,0,17,0,0
1,2,1,0,871.46,0,1,4,12,12,0,58500,-77700,0,2,3,2,1,4,4,0,0,2,2,0,2,74140,13480,6740,53920,5,12,0,0
1,2,2,0,1863.04,0,0,0,8,13,1,53400,-35200,1,2,0,2,1,5,3,3,0,1,2,1,0,67800,13560,6780,47460,8,0,0,1
0,2,1,2,1181.64,0,1,1,7,8,5,25800,0,1,2,2,0,1,1,3,1,0,0,1,1,2,55400,5540,11080,38780,7,7,1,0
0,0,2,1,1060.74,0,1,6,12,15,3,0,-51500,0,2,2,0,0,4,1,0,0,2,2,3,0,49100,9820,4910,34370,11,1,1,0
0,1,0,0,951.56,0,0,3,13,18,5,59400,-78600,1,0,3,0,3,4,5,3,2,1,2,1,0,98280,15120,7560,75600,3,12,1,0
0,1,0,0,1533.71,9000000,0,3,10,14,3,0,-70900,0,0,2,2,1,5,3,1,1,2,0,2,0,66550,6050,12100,48400,5,13,0,0
1,2,2,1,1200.09,0,0,0,2,2,4,38400,-5700,0,0,3,0,1,6,0,0,2,0,2,2,0,70400,14080,7040,49280,0,7,0,1
0,1,0,0,1093.83,4000000,1,0,0,2,2,0,-49600,1,0,3,0,0,6,6,1,2,0,1,1,1,53280,4440,8880,39960,11,20,1,0
1,1,1,1,988.93,0,0,2,2,9,4,27600,0,0,2,0,2,2,1,1,2,0,0,2,3,2,84590,15380,15380,53830,4,4,0,1
0,1,2,1,1331.94,0,0,5,4,0,1,0,-55400,1,2,2,2,2,1,1,0,0,1,0,2,2,54560,9920,9920,34720,10,9,0,0
0,0,2,1,1361.45,0,1,6,5,4,4,39300,0,1,2,2,1,0,2,3,0,0,2,0,2,2,82170,7470,7470,67230,11,4,0,0
0,2,1,2,1188.51,0,1,1,5,3,4,0,-65800,0,0,0,2,3,1,3,0,2,0,1,2,1,61100,6110,12220,42770,4,13,0,1
0,1,2,2,1101.83,0,1,2,3,6,2,28900,0,0,0,0,1,3,1,0,3,2,0,0,3,2,51900,5190,10380,36330,2,16,1,0
0,0,1,1,840.95,0,0,3,0,10,4,32500,-80800,1,1,1,3,3,4,0,2,0,0,2,1,0,3440,430,430,2580,11,7,0,1
0,1,1,1,1503.21,0,1,4,7,6,0,55700,-49900,1,2,3,2,0,6,6,3,0,2,2,1,1,51390,5710,11420,34260,12,18,0,1
1,2,0,1,1722.5,0,1,2,7,0,5,0,-21500,0,2,3,0,2,6,1,1,0,0,0,2,0,76900,7690,7690,61520,7,0,0,1
0,1,0,0,944.03,0,1,1,5,11,1,0,-58400,1,2,2,1,2,6,5,2,0,2,2,3,0,77000,15400,7700,53900,12,20,1,0
0,0,2,2,1453.61,4000000,1,3,2,19,2,0,0,0,2,3,0,2,0,2,2,0,0,0,3,0,60320,9280,9280,41760,3,17,1,0
0,1,0,0,1672.88,0,0,2,1,7,5,0,0,1,2,2,1,1,1,1,3,0,2,1,1,1,60700,12140,6070,42490,6,2,0,0
1,1,1,1,1248.05,0,0,2,3,12,0,37500,-54000,1,0,2,2,3,4,0,3,2,2,1,2,0,53280,5920,0,47360,3,20,0,1
0,0,0,0,1564.43,3000000,0,4,9,12,4,77500,-32800,0,2,2,1,1,1,4,1,0,0,2,2,2,34290,3810,3810,26670,7,18,0,0
0,2,0,1,1280.88,0,1,4,7,1,2,59400,-32200,1,2,2,2,2,6,5,1,0,1,0,1,1,46980,0,5220,41760,0,7,0,0
1,1,0,0,722.66,0,1,4,3,4,0,50300,0,0,0,0,0,1,2,6,2,2,2,1,2,2,36700,3670,7340,25690,9,15,0,1
1,2,1,1,1235.14,0,1,4,3,4,0,0,-32100,1,0,3,2,2,2,2,1,2,0,0,1,0,60200,6020,6020,48160,13,17,0,1
1,1,2,1,1347.04,0,1,2,11,3,3,0,-82100,0,1,1,1,-1,4,3,2,0,0,1,2,2,6480,540,1080,4860,6,1,0,1
0,2,2,1,1310.8,0,0,5,2,13,4,0,0,1,2,0,1,1,0,4,1,0,2,0,1,0,87200,17440,8720,61040,6,11,0,1
0,0,0,1,1436.79,0,0,6,9,17,5,70900,0,0,2,2,0,1,4,3,1,0,2,2,3,0,108480,18080,18080,72320,13,20,0,0
1,2,1,0,1383.49,3000000,0,5,1,3,2,35100,0,0,0,3,1,3,0,0,3,2,0,2,3,2,67500,7500,7500,52500,11,1,0,1
0,0,2,2,1356.92,5000000,1,0,5,0,5,0,0,1,2,2,0,2,1,0,3,0,0,0,1,2,46980,5220,5220,36540,1,3,0,0
0,2,1,1,766.19,0,0,0,11,11,0,0,0,1,1,1,1,3,6,1,2,0,0,0,3,0,5060,460,920,3680,8,12,0,0
